rank_by_oos_final_equity,name,factor_set,enabled_factors,top_k,risk_off_exposure,risk_control,market_score_control,folds,first_test_start,last_test_end,oos_final_equity,equal_weight_final_equity,oos_excess_vs_equal_weight,benchmark_final_equity,oos_excess_vs_benchmark
1,ret60_top5_riskoff0_riskctrl0_mscore0,ret60,ret60,5,0.000000,false,false,4,2024-01-18,2026-02-24,1.5261537223,1.4498270513,0.0526453627,1.4419284927,0.0584115163
2,ret60_top5_riskoff0p2_riskctrl0_mscore0,ret60,ret60,5,0.200000,false,false,4,2024-01-18,2026-02-24,1.5261537223,1.4498270513,0.0526453627,1.4419284927,0.0584115163
3,ret60_top5_riskoff0p3_riskctrl0_mscore0,ret60,ret60,5,0.300000,false,false,4,2024-01-18,2026-02-24,1.5261537223,1.4498270513,0.0526453627,1.4419284927,0.0584115163
4,ret60_top5_riskoff0p5_riskctrl0_mscore0,ret60,ret60,5,0.500000,false,false,4,2024-01-18,2026-02-24,1.5261537223,1.4498270513,0.0526453627,1.4419284927,0.0584115163
5,ret60_ret120_ret5_top8_riskoff0_riskctrl0_mscore0,ret60_ret120_ret5,ret60;ret120;ret5,8,0.000000,false,false,4,2024-01-18,2026-02-24,1.5155797223,1.4498270513,0.0453520790,1.4419284927,0.0510782816
6,ret60_ret120_ret5_top8_riskoff0p2_riskctrl0_mscore0,ret60_ret120_ret5,ret60;ret120;ret5,8,0.200000,false,false,4,2024-01-18,2026-02-24,1.5155797223,1.4498270513,0.0453520790,1.4419284927,0.0510782816
7,ret60_ret120_ret5_top8_riskoff0p3_riskctrl0_mscore0,ret60_ret120_ret5,ret60;ret120;ret5,8,0.300000,false,false,4,2024-01-18,2026-02-24,1.5155797223,1.4498270513,0.0453520790,1.4419284927,0.0510782816
8,ret60_ret120_ret5_top8_riskoff0p5_riskctrl0_mscore0,ret60_ret120_ret5,ret60;ret120;ret5,8,0.500000,false,false,4,2024-01-18,2026-02-24,1.5155797223,1.4498270513,0.0453520790,1.4419284927,0.0510782816
9,ret60_top5_riskoff0p5_riskctrl0_mscore1,ret60,ret60,5,0.500000,false,true,4,2024-01-18,2026-02-24,1.5062967988,1.4498270513,0.0389492991,1.4419284927,0.0446404287
10,ret60_top5_riskoff0p3_riskctrl0_mscore1,ret60,ret60,5,0.300000,false,true,4,2024-01-18,2026-02-24,1.4912839122,1.4498270513,0.0285943491,1.4419284927,0.0342287567
11,ret60_ret5_top8_riskoff0_riskctrl0_mscore0,ret60_ret5,ret60;ret5,8,0.000000,false,false,4,2024-01-18,2026-02-24,1.4872022908,1.4498270513,0.0257791020,1.4419284927,0.0313980883
12,ret60_ret5_top8_riskoff0p2_riskctrl0_mscore0,ret60_ret5,ret60;ret5,8,0.200000,false,false,4,2024-01-18,2026-02-24,1.4872022908,1.4498270513,0.0257791020,1.4419284927,0.0313980883
13,ret60_ret5_top8_riskoff0p3_riskctrl0_mscore0,ret60_ret5,ret60;ret5,8,0.300000,false,false,4,2024-01-18,2026-02-24,1.4872022908,1.4498270513,0.0257791020,1.4419284927,0.0313980883
14,ret60_ret5_top8_riskoff0p5_riskctrl0_mscore0,ret60_ret5,ret60;ret5,8,0.500000,false,false,4,2024-01-18,2026-02-24,1.4872022908,1.4498270513,0.0257791020,1.4419284927,0.0313980883
15,ret60_top5_riskoff0p5_riskctrl1_mscore1,ret60,ret60,5,0.500000,true,true,4,2024-01-18,2026-02-24,1.4842478073,1.4498270513,0.0237412841,1.4419284927,0.0293491077
16,ret60_top5_riskoff0p2_riskctrl0_mscore1,ret60,ret60,5,0.200000,false,true,4,2024-01-18,2026-02-24,1.4823301708,1.4498270513,0.0224186185,1.4419284927,0.0280191968
17,ret60_top5_riskoff0_riskctrl0_mscore1,ret60,ret60,5,0.000000,false,true,4,2024-01-18,2026-02-24,1.4616318040,1.4498270513,0.0081421799,1.4419284927,0.0136645551
18,ret60_top5_riskoff0p3_riskctrl1_mscore1,ret60,ret60,5,0.300000,true,true,4,2024-01-18,2026-02-24,1.4606957105,1.4498270513,0.0074965211,1.4419284927,0.0130153596
19,ret60_ret120_ret5_top8_riskoff0p5_riskctrl0_mscore1,ret60_ret120_ret5,ret60;ret120;ret5,8,0.500000,false,true,4,2024-01-18,2026-02-24,1.4582337259,1.4498270513,0.0057983982,1.4419284927,0.0113079347
20,ret60_ret5_top5_riskoff0p5_riskctrl0_mscore1,ret60_ret5,ret60;ret5,5,0.500000,false,true,4,2024-01-18,2026-02-24,1.4483915714,1.4498270513,-0.0009901043,1.4419284927,0.0044822463
21,ret60_top5_riskoff0p2_riskctrl1_mscore1,ret60,ret60,5,0.200000,true,true,4,2024-01-18,2026-02-24,1.4475669960,1.4498270513,-0.0015588448,1.4419284927,0.0039103904
22,ret60_ret5_top5_riskoff0p3_riskctrl0_mscore1,ret60_ret5,ret60;ret5,5,0.300000,false,true,4,2024-01-18,2026-02-24,1.4451046338,1.4498270513,-0.0032572282,1.4419284927,0.0022027036
23,ret60_ret5_top5_riskoff0p2_riskctrl0_mscore1,ret60_ret5,ret60;ret5,5,0.200000,false,true,4,2024-01-18,2026-02-24,1.4421997719,1.4498270513,-0.0052608202,1.4419284927,0.0001881364
24,ret60_ret5_top5_riskoff0_riskctrl0_mscore0,ret60_ret5,ret60;ret5,5,0.000000,false,false,4,2024-01-18,2026-02-24,1.4416241591,1.4498270513,-0.0056578419,1.4419284927,-0.0002110601
25,ret60_ret5_top5_riskoff0p2_riskctrl0_mscore0,ret60_ret5,ret60;ret5,5,0.200000,false,false,4,2024-01-18,2026-02-24,1.4416241591,1.4498270513,-0.0056578419,1.4419284927,-0.0002110601
26,ret60_ret5_top5_riskoff0p3_riskctrl0_mscore0,ret60_ret5,ret60;ret5,5,0.300000,false,false,4,2024-01-18,2026-02-24,1.4416241591,1.4498270513,-0.0056578419,1.4419284927,-0.0002110601
27,ret60_ret5_top5_riskoff0p5_riskctrl0_mscore0,ret60_ret5,ret60;ret5,5,0.500000,false,false,4,2024-01-18,2026-02-24,1.4416241591,1.4498270513,-0.0056578419,1.4419284927,-0.0002110601
28,ret60_ret5_top5_riskoff0p5_riskctrl1_mscore1,ret60_ret5,ret60;ret5,5,0.500000,true,true,4,2024-01-18,2026-02-24,1.4358998346,1.4498270513,-0.0096061228,1.4419284927,-0.0041809688
29,ret60_ret120_ret5_top8_riskoff0p5_riskctrl1_mscore1,ret60_ret120_ret5,ret60;ret120;ret5,8,0.500000,true,true,4,2024-01-18,2026-02-24,1.4353455708,1.4498270513,-0.0099884193,1.4419284927,-0.0045653594
30,ret60_ret5_top5_riskoff0_riskctrl0_mscore1,ret60_ret5,ret60;ret5,5,0.000000,false,true,4,2024-01-18,2026-02-24,1.4339111156,1.4498270513,-0.0109778168,1.4419284927,-0.0055601766
31,ret60_ret120_ret5_top8_riskoff0p3_riskctrl0_mscore1,ret60_ret120_ret5,ret60;ret120;ret5,8,0.300000,false,true,4,2024-01-18,2026-02-24,1.4300833571,1.4498270513,-0.0136179651,1.4419284927,-0.0082147871
32,ret60_ret5_top8_riskoff0p5_riskctrl0_mscore1,ret60_ret5,ret60;ret5,8,0.500000,false,true,4,2024-01-18,2026-02-24,1.4281879466,1.4498270513,-0.0149253007,1.4419284927,-0.0095292840
33,ret60_ret5_top5_riskoff0p3_riskctrl1_mscore1,ret60_ret5,ret60;ret5,5,0.300000,true,true,4,2024-01-18,2026-02-24,1.4275928057,1.4498270513,-0.0153357917,1.4419284927,-0.0099420235
34,ret60_ret120_ret5_top8_riskoff0p5_riskctrl1_mscore0,ret60_ret120_ret5,ret60;ret120;ret5,8,0.500000,true,false,4,2024-01-18,2026-02-24,1.4226373598,1.4498270513,-0.0187537482,1.4419284927,-0.0133787029
35,ret60_ret5_top5_riskoff0p2_riskctrl1_mscore1,ret60_ret5,ret60;ret5,5,0.200000,true,true,4,2024-01-18,2026-02-24,1.4221907434,1.4498270513,-0.0190617963,1.4419284927,-0.0136884383
36,ret60_ret120_top5_riskoff0_riskctrl0_mscore1,ret60_ret120,ret60;ret120,5,0.000000,false,true,4,2024-01-18,2026-02-24,1.4203592726,1.4498270513,-0.0203250303,1.4419284927,-0.0149585920
37,ret60_ret120_top5_riskoff0p2_riskctrl0_mscore1,ret60_ret120,ret60;ret120,5,0.200000,false,true,4,2024-01-18,2026-02-24,1.4193609526,1.4498270513,-0.0210136090,1.4419284927,-0.0156509426
38,ret60_top5_riskoff0_riskctrl1_mscore1,ret60,ret60,5,0.000000,true,true,4,2024-01-18,2026-02-24,1.4187482452,1.4498270513,-0.0214362162,1.4419284927,-0.0160758648
39,ret60_ret120_top5_riskoff0p3_riskctrl0_mscore1,ret60_ret120,ret60;ret120,5,0.300000,false,true,4,2024-01-18,2026-02-24,1.4175889089,1.4498270513,-0.0222358539,1.4419284927,-0.0168798827
40,ret60_top5_riskoff0p5_riskctrl1_mscore0,ret60,ret60,5,0.500000,true,false,4,2024-01-18,2026-02-24,1.4173865644,1.4498270513,-0.0223754184,1.4419284927,-0.0170202117
41,ret60_ret120_ret5_top8_riskoff0p2_riskctrl0_mscore1,ret60_ret120_ret5,ret60;ret120;ret5,8,0.200000,false,true,4,2024-01-18,2026-02-24,1.4149889630,1.4498270513,-0.0240291339,1.4419284927,-0.0186829858
42,ret60_top8_riskoff0_riskctrl0_mscore0,ret60,ret60,8,0.000000,false,false,4,2024-01-18,2026-02-24,1.4134159377,1.4498270513,-0.0251141084,1.4419284927,-0.0197739036
43,ret60_top8_riskoff0p2_riskctrl0_mscore0,ret60,ret60,8,0.200000,false,false,4,2024-01-18,2026-02-24,1.4134159377,1.4498270513,-0.0251141084,1.4419284927,-0.0197739036
44,ret60_top8_riskoff0p3_riskctrl0_mscore0,ret60,ret60,8,0.300000,false,false,4,2024-01-18,2026-02-24,1.4134159377,1.4498270513,-0.0251141084,1.4419284927,-0.0197739036
45,ret60_top8_riskoff0p5_riskctrl0_mscore0,ret60,ret60,8,0.500000,false,false,4,2024-01-18,2026-02-24,1.4134159377,1.4498270513,-0.0251141084,1.4419284927,-0.0197739036
46,ret60_ret120_top8_riskoff0_riskctrl0_mscore0,ret60_ret120,ret60;ret120,8,0.000000,false,false,4,2024-01-18,2026-02-24,1.4127252802,1.4498270513,-0.0255904807,1.4419284927,-0.0202528853
47,ret60_ret120_top8_riskoff0p2_riskctrl0_mscore0,ret60_ret120,ret60;ret120,8,0.200000,false,false,4,2024-01-18,2026-02-24,1.4127252802,1.4498270513,-0.0255904807,1.4419284927,-0.0202528853
48,ret60_ret120_top8_riskoff0p3_riskctrl0_mscore0,ret60_ret120,ret60;ret120,8,0.300000,false,false,4,2024-01-18,2026-02-24,1.4127252802,1.4498270513,-0.0255904807,1.4419284927,-0.0202528853
49,ret60_ret120_top8_riskoff0p5_riskctrl0_mscore0,ret60_ret120,ret60;ret120,8,0.500000,false,false,4,2024-01-18,2026-02-24,1.4127252802,1.4498270513,-0.0255904807,1.4419284927,-0.0202528853
50,ret60_ret120_top5_riskoff0p5_riskctrl0_mscore1,ret60_ret120,ret60;ret120,5,0.500000,false,true,4,2024-01-18,2026-02-24,1.4114960398,1.4498270513,-0.0264383338,1.4419284927,-0.0211053828
51,ret60_ret5_top8_riskoff0p5_riskctrl1_mscore1,ret60_ret5,ret60;ret5,8,0.500000,true,true,4,2024-01-18,2026-02-24,1.4101738420,1.4498270513,-0.0273503031,1.4419284927,-0.0220223477
52,ret60_ret5_top5_riskoff0_riskctrl1_mscore1,ret60_ret5,ret60;ret5,5,0.000000,true,true,4,2024-01-18,2026-02-24,1.4089553236,1.4498270513,-0.0281907609,1.4419284927,-0.0228674094
53,ret60_ret5_top8_riskoff0p5_riskctrl1_mscore0,ret60_ret5,ret60;ret5,8,0.500000,true,false,4,2024-01-18,2026-02-24,1.4028121556,1.4498270513,-0.0324279339,1.4419284927,-0.0271277926
54,ret60_ret5_top8_riskoff0p3_riskctrl0_mscore1,ret60_ret5,ret60;ret5,8,0.300000,false,true,4,2024-01-18,2026-02-24,1.3998622505,1.4498270513,-0.0344625939,1.4419284927,-0.0291735980
55,ret60_ret120_ret5_top8_riskoff0p3_riskctrl1_mscore1,ret60_ret120_ret5,ret60;ret120;ret5,8,0.300000,true,true,4,2024-01-18,2026-02-24,1.3986763775,1.4498270513,-0.0352805349,1.4419284927,-0.0299960195
56,ret60_ret120_top8_riskoff0p5_riskctrl0_mscore1,ret60_ret120,ret60;ret120,8,0.500000,false,true,4,2024-01-18,2026-02-24,1.3936644201,1.4498270513,-0.0387374696,1.4419284927,-0.0334718905
57,ret60_ret120_top5_riskoff0p5_riskctrl1_mscore1,ret60_ret120,ret60;ret120,5,0.500000,true,true,4,2024-01-18,2026-02-24,1.3919471453,1.4498270513,-0.0399219383,1.4419284927,-0.0346628474
58,ret60_ret120_top5_riskoff0p3_riskctrl1_mscore1,ret60_ret120,ret60;ret120,5,0.300000,true,true,4,2024-01-18,2026-02-24,1.3900756385,1.4498270513,-0.0412127865,1.4419284927,-0.0359607667
59,ret60_ret120_top5_riskoff0p2_riskctrl1_mscore1,ret60_ret120,ret60;ret120,5,0.200000,true,true,4,2024-01-18,2026-02-24,1.3878630157,1.4498270513,-0.0427389154,1.4419284927,-0.0374952553
60,ret60_top8_riskoff0p5_riskctrl0_mscore1,ret60,ret60,8,0.500000,false,true,4,2024-01-18,2026-02-24,1.3870128065,1.4498270513,-0.0433253365,1.4419284927,-0.0380848887
61,ret60_ret5_top8_riskoff0p2_riskctrl0_mscore1,ret60_ret5,ret60;ret5,8,0.200000,false,true,4,2024-01-18,2026-02-24,1.3847833122,1.4498270513,-0.0448631022,1.4419284927,-0.0396310779
62,ret60_ret120_ret5_top8_riskoff0p3_riskctrl1_mscore0,ret60_ret120_ret5,ret60;ret120;ret5,8,0.300000,true,false,4,2024-01-18,2026-02-24,1.3838977473,1.4498270513,-0.0454739095,1.4419284927,-0.0402452311
63,ret60_ret120_ret5_top8_riskoff0_riskctrl0_mscore1,ret60_ret120_ret5,ret60;ret120;ret5,8,0.000000,false,true,4,2024-01-18,2026-02-24,1.3828927055,1.4498270513,-0.0461671244,1.4419284927,-0.0409422433
64,ret60_ret120_top5_riskoff0_riskctrl0_mscore0,ret60_ret120,ret60;ret120,5,0.000000,false,false,4,2024-01-18,2026-02-24,1.3815216665,1.4498270513,-0.0471127813,1.4419284927,-0.0418930803
65,ret60_ret120_top5_riskoff0p2_riskctrl0_mscore0,ret60_ret120,ret60;ret120,5,0.200000,false,false,4,2024-01-18,2026-02-24,1.3815216665,1.4498270513,-0.0471127813,1.4419284927,-0.0418930803
66,ret60_ret120_top5_riskoff0p3_riskctrl0_mscore0,ret60_ret120,ret60;ret120,5,0.300000,false,false,4,2024-01-18,2026-02-24,1.3815216665,1.4498270513,-0.0471127813,1.4419284927,-0.0418930803
67,ret60_ret120_top5_riskoff0p5_riskctrl0_mscore0,ret60_ret120,ret60;ret120,5,0.500000,false,false,4,2024-01-18,2026-02-24,1.3815216665,1.4498270513,-0.0471127813,1.4419284927,-0.0418930803
68,ret60_ret120_top5_riskoff0_riskctrl1_mscore1,ret60_ret120,ret60;ret120,5,0.000000,true,true,4,2024-01-18,2026-02-24,1.3809228230,1.4498270513,-0.0475258261,1.4419284927,-0.0423083877
69,ret60_ret120_top8_riskoff0p3_riskctrl0_mscore1,ret60_ret120,ret60;ret120,8,0.300000,false,true,4,2024-01-18,2026-02-24,1.3806179595,1.4498270513,-0.0477361019,1.4419284927,-0.0425198153
70,ret60_ret120_ret5_top8_riskoff0p2_riskctrl1_mscore1,ret60_ret120_ret5,ret60;ret120;ret5,8,0.200000,true,true,4,2024-01-18,2026-02-24,1.3794844195,1.4498270513,-0.0485179469,1.4419284927,-0.0433059431
71,ret60_ret5_top8_riskoff0p3_riskctrl1_mscore1,ret60_ret5,ret60;ret5,8,0.300000,true,true,4,2024-01-18,2026-02-24,1.3751374632,1.4498270513,-0.0515162054,1.4419284927,-0.0463206254
72,ret60_ret120_top8_riskoff0p2_riskctrl0_mscore1,ret60_ret120,ret60;ret120,8,0.200000,false,true,4,2024-01-18,2026-02-24,1.3729844310,1.4498270513,-0.0530012323,1.4419284927,-0.0478137869
73,ret60_top5_riskoff0p3_riskctrl1_mscore0,ret60,ret60,5,0.300000,true,false,4,2024-01-18,2026-02-24,1.3724178263,1.4498270513,-0.0533920408,1.4419284927,-0.0482067361
74,ret60_top8_riskoff0p3_riskctrl0_mscore1,ret60,ret60,8,0.300000,false,true,4,2024-01-18,2026-02-24,1.3711303060,1.4498270513,-0.0542800917,1.4419284927,-0.0490996516
75,ret60_ret120_top8_riskoff0p5_riskctrl1_mscore1,ret60_ret120,ret60;ret120,8,0.500000,true,true,4,2024-01-18,2026-02-24,1.3677450096,1.4498270513,-0.0566150574,1.4419284927,-0.0514474077
76,ret60_ret5_top8_riskoff0p3_riskctrl1_mscore0,ret60_ret5,ret60;ret5,8,0.300000,true,false,4,2024-01-18,2026-02-24,1.3673111140,1.4498270513,-0.0569143314,1.4419284927,-0.0517483211
77,ret60_top8_riskoff0p5_riskctrl1_mscore1,ret60,ret60,8,0.500000,true,true,4,2024-01-18,2026-02-24,1.3647766053,1.4498270513,-0.0586624770,1.4419284927,-0.0535060426
78,ret60_ret120_ret5_top8_riskoff0p2_riskctrl1_mscore0,ret60_ret120_ret5,ret60;ret120;ret5,8,0.200000,true,false,4,2024-01-18,2026-02-24,1.3642507753,1.4498270513,-0.0590251616,1.4419284927,-0.0538707140
79,ret60_ret5_top5_riskoff0p5_riskctrl1_mscore0,ret60_ret5,ret60;ret5,5,0.500000,true,false,4,2024-01-18,2026-02-24,1.3623718884,1.4498270513,-0.0603211002,1.4419284927,-0.0551737514
80,ret60_top8_riskoff0p2_riskctrl0_mscore1,ret60,ret60,8,0.200000,false,true,4,2024-01-18,2026-02-24,1.3621069508,1.4498270513,-0.0605038376,1.4419284927,-0.0553574898
81,ret60_ret120_ret5_top5_riskoff0_riskctrl0_mscore1,ret60_ret120_ret5,ret60;ret120;ret5,5,0.000000,false,true,4,2024-01-18,2026-02-24,1.3586310388,1.4498270513,-0.0629013043,1.4419284927,-0.0577680893
82,ret60_ret5_top8_riskoff0p2_riskctrl1_mscore1,ret60_ret5,ret60;ret5,8,0.200000,true,true,4,2024-01-18,2026-02-24,1.3568279874,1.4498270513,-0.0641449364,1.4419284927,-0.0590185336
83,ret60_ret120_top8_riskoff0_riskctrl0_mscore1,ret60_ret120,ret60;ret120,8,0.000000,false,true,4,2024-01-18,2026-02-24,1.3555734174,1.4498270513,-0.0650102602,1.4419284927,-0.0598885976
84,ret60_ret5_top8_riskoff0_riskctrl0_mscore1,ret60_ret5,ret60;ret5,8,0.000000,false,true,4,2024-01-18,2026-02-24,1.3529189208,1.4498270513,-0.0668411659,1.4419284927,-0.0617295326
85,ret60_ret120_ret5_top5_riskoff0p2_riskctrl0_mscore1,ret60_ret120_ret5,ret60;ret120;ret5,5,0.200000,false,true,4,2024-01-18,2026-02-24,1.3526807465,1.4498270513,-0.0670054437,1.4419284927,-0.0618947102
86,ret60_top3_riskoff0_riskctrl0_mscore0,ret60,ret60,3,0.000000,false,false,4,2024-01-18,2026-02-24,1.3518613998,1.4498270513,-0.0675705778,1.4419284927,-0.0624629400
87,ret60_top3_riskoff0p2_riskctrl0_mscore0,ret60,ret60,3,0.200000,false,false,4,2024-01-18,2026-02-24,1.3518613998,1.4498270513,-0.0675705778,1.4419284927,-0.0624629400
88,ret60_top3_riskoff0p3_riskctrl0_mscore0,ret60,ret60,3,0.300000,false,false,4,2024-01-18,2026-02-24,1.3518613998,1.4498270513,-0.0675705778,1.4419284927,-0.0624629400
89,ret60_top3_riskoff0p5_riskctrl0_mscore0,ret60,ret60,3,0.500000,false,false,4,2024-01-18,2026-02-24,1.3518613998,1.4498270513,-0.0675705778,1.4419284927,-0.0624629400
90,ret60_top5_riskoff0p2_riskctrl1_mscore0,ret60,ret60,5,0.200000,true,false,4,2024-01-18,2026-02-24,1.3496947489,1.4498270513,-0.0690649980,1.4419284927,-0.0639655463
91,ret60_ret5_top8_riskoff0p2_riskctrl1_mscore0,ret60_ret5,ret60;ret5,8,0.200000,true,false,4,2024-01-18,2026-02-24,1.3492426951,1.4498270513,-0.0693767965,1.4419284927,-0.0642790527
92,ret60_ret120_ret5_top5_riskoff0p3_riskctrl0_mscore1,ret60_ret120_ret5,ret60;ret120;ret5,5,0.300000,false,true,4,2024-01-18,2026-02-24,1.3485646192,1.4498270513,-0.0698444908,1.4419284927,-0.0647493090
93,ret60_ret120_top8_riskoff0p3_riskctrl1_mscore1,ret60_ret120,ret60;ret120,8,0.300000,true,true,4,2024-01-18,2026-02-24,1.3446703907,1.4498270513,-0.0725304860,1.4419284927,-0.0674500174
94,ret60_top8_riskoff0_riskctrl0_mscore1,ret60,ret60,8,0.000000,false,true,4,2024-01-18,2026-02-24,1.3419802381,1.4498270513,-0.0743859850,1.4419284927,-0.0693156804
95,ret60_top8_riskoff0p3_riskctrl1_mscore1,ret60,ret60,8,0.300000,true,true,4,2024-01-18,2026-02-24,1.3403615025,1.4498270513,-0.0755024875,1.4419284927,-0.0704382989
96,ret60_ret120_ret5_top8_riskoff0_riskctrl1_mscore1,ret60_ret120_ret5,ret60;ret120;ret5,8,0.000000,true,true,4,2024-01-18,2026-02-24,1.3395443408,1.4498270513,-0.0760661145,1.4419284927,-0.0710050134
97,ret60_ret120_ret5_top5_riskoff0p5_riskctrl0_mscore1,ret60_ret120_ret5,ret60;ret120;ret5,5,0.500000,false,true,4,2024-01-18,2026-02-24,1.3380656039,1.4498270513,-0.0770860547,1.4419284927,-0.0720305405
98,ret60_top8_riskoff0p5_riskctrl1_mscore0,ret60,ret60,8,0.500000,true,false,4,2024-01-18,2026-02-24,1.3369604127,1.4498270513,-0.0778483465,1.4419284927,-0.0727970080
99,ret60_ret120_ret5_top5_riskoff0_riskctrl1_mscore1,ret60_ret120_ret5,ret60;ret120;ret5,5,0.000000,true,true,4,2024-01-18,2026-02-24,1.3349854213,1.4498270513,-0.0792105720,1.4419284927,-0.0741666954
100,ret60_ret120_ret5_top5_riskoff0p2_riskctrl1_mscore1,ret60_ret120_ret5,ret60;ret120;ret5,5,0.200000,true,true,4,2024-01-18,2026-02-24,1.3339137873,1.4498270513,-0.0799497181,1.4419284927,-0.0749098904
101,ret60_ret120_top8_riskoff0p5_riskctrl1_mscore0,ret60_ret120,ret60;ret120,8,0.500000,true,false,4,2024-01-18,2026-02-24,1.3332365637,1.4498270513,-0.0804168245,1.4419284927,-0.0753795556
102,ret60_ret120_ret5_top5_riskoff0p3_riskctrl1_mscore1,ret60_ret120_ret5,ret60;ret120;ret5,5,0.300000,true,true,4,2024-01-18,2026-02-24,1.3322227783,1.4498270513,-0.0811160703,1.4419284927,-0.0760826316
103,ret60_ret120_top8_riskoff0p2_riskctrl1_mscore1,ret60_ret120,ret60;ret120,8,0.200000,true,true,4,2024-01-18,2026-02-24,1.3321290394,1.4498270513,-0.0811807255,1.4419284927,-0.0761476410
104,ret60_ret120_top5_riskoff0p5_riskctrl1_mscore0,ret60_ret120,ret60;ret120,5,0.500000,true,false,4,2024-01-18,2026-02-24,1.3291089557,1.4498270513,-0.0832637904,1.4419284927,-0.0782421164
105,ret60_ret5_top5_riskoff0p3_riskctrl1_mscore0,ret60_ret5,ret60;ret5,5,0.300000,true,false,4,2024-01-18,2026-02-24,1.3288631782,1.4498270513,-0.0834333123,1.4419284927,-0.0784125669
106,ret60_top8_riskoff0p2_riskctrl1_mscore1,ret60,ret60,8,0.200000,true,true,4,2024-01-18,2026-02-24,1.3271773482,1.4498270513,-0.0845960924,1.4419284927,-0.0795817165
107,ret60_ret120_ret5_top5_riskoff0p5_riskctrl1_mscore1,ret60_ret120_ret5,ret60;ret120;ret5,5,0.500000,true,true,4,2024-01-18,2026-02-24,1.3265255127,1.4498270513,-0.0850456877,1.4419284927,-0.0800337746
108,ret60_ret120_ret5_top8_riskoff0_riskctrl1_mscore0,ret60_ret120_ret5,ret60;ret120;ret5,8,0.000000,true,false,4,2024-01-18,2026-02-24,1.3244742172,1.4498270513,-0.0864605430,1.4419284927,-0.0814563802
109,ret60_top3_riskoff0p5_riskctrl0_mscore1,ret60,ret60,3,0.500000,false,true,4,2024-01-18,2026-02-24,1.3211474391,1.4498270513,-0.0887551465,1.4419284927,-0.0837635529
110,ret60_ret5_top8_riskoff0_riskctrl1_mscore1,ret60_ret5,ret60;ret5,8,0.000000,true,true,4,2024-01-18,2026-02-24,1.3187723846,1.4498270513,-0.0903933104,1.4419284927,-0.0854106904
111,ret60_ret5_top3_riskoff0_riskctrl1_mscore1,ret60_ret5,ret60;ret5,3,0.000000,true,true,4,2024-01-18,2026-02-24,1.3130167358,1.4498270513,-0.0943631969,1.4419284927,-0.0894023230
112,ret60_ret5_top8_riskoff0_riskctrl1_mscore0,ret60_ret5,ret60;ret5,8,0.000000,true,false,4,2024-01-18,2026-02-24,1.3125398870,1.4498270513,-0.0946920974,1.4419284927,-0.0897330251
113,ret60_top3_riskoff0p5_riskctrl1_mscore1,ret60,ret60,3,0.500000,true,true,4,2024-01-18,2026-02-24,1.3120973355,1.4498270513,-0.0949973417,1.4419284927,-0.0900399415
114,ret60_ret5_top5_riskoff0p2_riskctrl1_mscore0,ret60_ret5,ret60;ret5,5,0.200000,true,false,4,2024-01-18,2026-02-24,1.3117735897,1.4498270513,-0.0952206413,1.4419284927,-0.0902644643
115,ret60_ret120_top5_riskoff0p3_riskctrl1_mscore0,ret60_ret120,ret60;ret120,5,0.300000,true,false,4,2024-01-18,2026-02-24,1.3060237052,1.4498270513,-0.0991865519,1.4419284927,-0.0942520993
116,ret60_ret5_top3_riskoff0p2_riskctrl1_mscore1,ret60_ret5,ret60;ret5,3,0.200000,true,true,4,2024-01-18,2026-02-24,1.3058951454,1.4498270513,-0.0992752244,1.4419284927,-0.0943412575
117,ret60_ret120_top8_riskoff0_riskctrl1_mscore1,ret60_ret120,ret60;ret120,8,0.000000,true,true,4,2024-01-18,2026-02-24,1.3051538588,1.4498270513,-0.0997865176,1.4419284927,-0.0948553514
118,ret60_top8_riskoff0p3_riskctrl1_mscore0,ret60,ret60,8,0.300000,true,false,4,2024-01-18,2026-02-24,1.3044195815,1.4498270513,-0.1002929761,1.4419284927,-0.0953645842
119,ret60_top5_riskoff0_riskctrl1_mscore0,ret60,ret60,5,0.000000,true,false,4,2024-01-18,2026-02-24,1.3038626510,1.4498270513,-0.1006771119,1.4419284927,-0.0957508242
120,ret60_ret5_top3_riskoff0p3_riskctrl1_mscore1,ret60_ret5,ret60;ret5,3,0.300000,true,true,4,2024-01-18,2026-02-24,1.3010583014,1.4498270513,-0.1026113769,1.4419284927,-0.0976956846
121,ret60_top3_riskoff0p3_riskctrl0_mscore1,ret60,ret60,3,0.300000,false,true,4,2024-01-18,2026-02-24,1.3009242020,1.4498270513,-0.1027038702,1.4419284927,-0.0977886847
122,ret60_ret120_top8_riskoff0p3_riskctrl1_mscore0,ret60_ret120,ret60;ret120,8,0.300000,true,false,4,2024-01-18,2026-02-24,1.2998215495,1.4498270513,-0.1034644110,1.4419284927,-0.0985533915
123,ret60_top8_riskoff0_riskctrl1_mscore1,ret60,ret60,8,0.000000,true,true,4,2024-01-18,2026-02-24,1.2989722318,1.4498270513,-0.1040502171,1.4419284927,-0.0991424066
124,ret60_ret120_ret5_top5_riskoff0_riskctrl0_mscore0,ret60_ret120_ret5,ret60;ret120;ret5,5,0.000000,false,false,4,2024-01-18,2026-02-24,1.2988655413,1.4498270513,-0.1041238056,1.4419284927,-0.0992163981
125,ret60_ret120_ret5_top5_riskoff0p2_riskctrl0_mscore0,ret60_ret120_ret5,ret60;ret120;ret5,5,0.200000,false,false,4,2024-01-18,2026-02-24,1.2988655413,1.4498270513,-0.1041238056,1.4419284927,-0.0992163981
126,ret60_ret120_ret5_top5_riskoff0p3_riskctrl0_mscore0,ret60_ret120_ret5,ret60;ret120;ret5,5,0.300000,false,false,4,2024-01-18,2026-02-24,1.2988655413,1.4498270513,-0.1041238056,1.4419284927,-0.0992163981
127,ret60_ret120_ret5_top5_riskoff0p5_riskctrl0_mscore0,ret60_ret120_ret5,ret60;ret120;ret5,5,0.500000,false,false,4,2024-01-18,2026-02-24,1.2988655413,1.4498270513,-0.1041238056,1.4419284927,-0.0992163981
128,ret60_ret5_top3_riskoff0_riskctrl0_mscore1,ret60_ret5,ret60;ret5,3,0.000000,false,true,4,2024-01-18,2026-02-24,1.2943105221,1.4498270513,-0.1072655729,1.4419284927,-0.1023753753
129,ret60_ret120_top5_riskoff0p2_riskctrl1_mscore0,ret60_ret120,ret60;ret120,5,0.200000,true,false,4,2024-01-18,2026-02-24,1.2940610039,1.4498270513,-0.1074376749,1.4419284927,-0.1025484201
130,ret60_ret5_top3_riskoff0p2_riskctrl0_mscore1,ret60_ret5,ret60;ret5,3,0.200000,false,true,4,2024-01-18,2026-02-24,1.2913235375,1.4498270513,-0.1093258080,1.4419284927,-0.1044468959
131,ret60_top3_riskoff0p2_riskctrl0_mscore1,ret60,ret60,3,0.200000,false,true,4,2024-01-18,2026-02-24,1.2896684570,1.4498270513,-0.1104673790,1.4419284927,-0.1055947202
132,ret60_ret5_top3_riskoff0p5_riskctrl1_mscore1,ret60_ret5,ret60;ret5,3,0.500000,true,true,4,2024-01-18,2026-02-24,1.2888635779,1.4498270513,-0.1110225342,1.4419284927,-0.1061529164
133,ret60_ret5_top3_riskoff0p3_riskctrl0_mscore1,ret60_ret5,ret60;ret5,3,0.300000,false,true,4,2024-01-18,2026-02-24,1.2885711681,1.4498270513,-0.1112242202,1.4419284927,-0.1063557072
134,ret60_top8_riskoff0p2_riskctrl1_mscore0,ret60,ret60,8,0.200000,true,false,4,2024-01-18,2026-02-24,1.2877835082,1.4498270513,-0.1117674987,1.4419284927,-0.1069019617
135,ret60_top3_riskoff0p3_riskctrl1_mscore1,ret60,ret60,3,0.300000,true,true,4,2024-01-18,2026-02-24,1.2874716442,1.4498270513,-0.1119826030,1.4419284927,-0.1071182442
136,ret60_ret120_top8_riskoff0p2_riskctrl1_mscore0,ret60_ret120,ret60;ret120,8,0.200000,true,false,4,2024-01-18,2026-02-24,1.2828181405,1.4498270513,-0.1151922988,1.4419284927,-0.1103455220
137,ret60_ret5_top3_riskoff0p5_riskctrl0_mscore1,ret60_ret5,ret60;ret5,3,0.500000,false,true,4,2024-01-18,2026-02-24,1.2805591790,1.4498270513,-0.1167503890,1.4419284927,-0.1119121471
138,ret60_ret5_top5_riskoff0_riskctrl1_mscore0,ret60_ret5,ret60;ret5,5,0.000000,true,false,4,2024-01-18,2026-02-24,1.2769895395,1.4498270513,-0.1192125031,1.4419284927,-0.1143877481
139,ret60_top3_riskoff0p2_riskctrl1_mscore1,ret60,ret60,3,0.200000,true,true,4,2024-01-18,2026-02-24,1.2740606996,1.4498270513,-0.1212326336,1.4419284927,-0.1164189445
140,ret60_ret120_top5_riskoff0_riskctrl1_mscore0,ret60_ret120,ret60;ret120,5,0.000000,true,false,4,2024-01-18,2026-02-24,1.2693400323,1.4498270513,-0.1244886546,1.4419284927,-0.1196928012
141,ret60_top3_riskoff0_riskctrl0_mscore1,ret60,ret60,3,0.000000,false,true,4,2024-01-18,2026-02-24,1.2649842188,1.4498270513,-0.1274930223,1.4419284927,-0.1227136261
142,ret60_ret120_top3_riskoff0p5_riskctrl0_mscore1,ret60_ret120,ret60;ret120,3,0.500000,false,true,4,2024-01-18,2026-02-24,1.2640991628,1.4498270513,-0.1281034786,1.4419284927,-0.1233274263
143,ret60_ret120_top3_riskoff0_riskctrl0_mscore0,ret60_ret120,ret60;ret120,3,0.000000,false,false,4,2024-01-18,2026-02-24,1.2616136642,1.4498270513,-0.1298178200,1.4419284927,-0.1250511585
144,ret60_ret120_top3_riskoff0p2_riskctrl0_mscore0,ret60_ret120,ret60;ret120,3,0.200000,false,false,4,2024-01-18,2026-02-24,1.2616136642,1.4498270513,-0.1298178200,1.4419284927,-0.1250511585
145,ret60_ret120_top3_riskoff0p3_riskctrl0_mscore0,ret60_ret120,ret60;ret120,3,0.300000,false,false,4,2024-01-18,2026-02-24,1.2616136642,1.4498270513,-0.1298178200,1.4419284927,-0.1250511585
146,ret60_ret120_top3_riskoff0p5_riskctrl0_mscore0,ret60_ret120,ret60;ret120,3,0.500000,false,false,4,2024-01-18,2026-02-24,1.2616136642,1.4498270513,-0.1298178200,1.4419284927,-0.1250511585
147,ret60_top3_riskoff0p5_riskctrl1_mscore0,ret60,ret60,3,0.500000,true,false,4,2024-01-18,2026-02-24,1.2605557620,1.4498270513,-0.1305474947,1.4419284927,-0.1257848302
148,ret60_ret120_top3_riskoff0p3_riskctrl0_mscore1,ret60_ret120,ret60;ret120,3,0.300000,false,true,4,2024-01-18,2026-02-24,1.2602451279,1.4498270513,-0.1307617507,1.4419284927,-0.1260002599
149,ret60_ret120_top3_riskoff0p2_riskctrl0_mscore1,ret60_ret120,ret60;ret120,3,0.200000,false,true,4,2024-01-18,2026-02-24,1.2570621138,1.4498270513,-0.1329571947,1.4419284927,-0.1282077300
150,ret60_ret120_top3_riskoff0p5_riskctrl1_mscore1,ret60_ret120,ret60;ret120,3,0.500000,true,true,4,2024-01-18,2026-02-24,1.2554398504,1.4498270513,-0.1340761305,1.4419284927,-0.1293327951
151,ret60_ret5_top3_riskoff0_riskctrl0_mscore0,ret60_ret5,ret60;ret5,3,0.000000,false,false,4,2024-01-18,2026-02-24,1.2546536768,1.4498270513,-0.1346183839,1.4419284927,-0.1298780188
152,ret60_ret5_top3_riskoff0p2_riskctrl0_mscore0,ret60_ret5,ret60;ret5,3,0.200000,false,false,4,2024-01-18,2026-02-24,1.2546536768,1.4498270513,-0.1346183839,1.4419284927,-0.1298780188
153,ret60_ret5_top3_riskoff0p3_riskctrl0_mscore0,ret60_ret5,ret60;ret5,3,0.300000,false,false,4,2024-01-18,2026-02-24,1.2546536768,1.4498270513,-0.1346183839,1.4419284927,-0.1298780188
154,ret60_ret5_top3_riskoff0p5_riskctrl0_mscore0,ret60_ret5,ret60;ret5,3,0.500000,false,false,4,2024-01-18,2026-02-24,1.2546536768,1.4498270513,-0.1346183839,1.4419284927,-0.1298780188
155,ret60_top8_riskoff0_riskctrl1_mscore0,ret60,ret60,8,0.000000,true,false,4,2024-01-18,2026-02-24,1.2538481420,1.4498270513,-0.1351739914,1.4419284927,-0.1304366698
156,ret60_ret120_ret5_top5_riskoff0p5_riskctrl1_mscore0,ret60_ret120_ret5,ret60;ret120;ret5,5,0.500000,true,false,4,2024-01-18,2026-02-24,1.2505836978,1.4498270513,-0.1374256007,1.4419284927,-0.1327006130
157,ret60_ret120_top8_riskoff0_riskctrl1_mscore0,ret60_ret120,ret60;ret120,8,0.000000,true,false,4,2024-01-18,2026-02-24,1.2482833751,1.4498270513,-0.1390122195,1.4419284927,-0.1342959228
158,ret60_ret120_top3_riskoff0_riskctrl0_mscore1,ret60_ret120,ret60;ret120,3,0.000000,false,true,4,2024-01-18,2026-02-24,1.2482263487,1.4498270513,-0.1390515527,1.4419284927,-0.1343354715
159,ret60_ret120_top3_riskoff0p3_riskctrl1_mscore1,ret60_ret120,ret60;ret120,3,0.300000,true,true,4,2024-01-18,2026-02-24,1.2472132231,1.4498270513,-0.1397503434,1.4419284927,-0.1350380900
160,ret60_top3_riskoff0_riskctrl1_mscore1,ret60,ret60,3,0.000000,true,true,4,2024-01-18,2026-02-24,1.2451787936,1.4498270513,-0.1411535655,1.4419284927,-0.1364489987
161,ret60_ret120_top3_riskoff0p2_riskctrl1_mscore1,ret60_ret120,ret60;ret120,3,0.200000,true,true,4,2024-01-18,2026-02-24,1.2418489631,1.4498270513,-0.1434502743,1.4419284927,-0.1387582883
162,ret60_ret120_ret5_top5_riskoff0p3_riskctrl1_mscore0,ret60_ret120_ret5,ret60;ret120;ret5,5,0.300000,true,false,4,2024-01-18,2026-02-24,1.2292929159,1.4498270513,-0.1521106502,1.4419284927,-0.1474661038
163,ret60_ret120_top3_riskoff0_riskctrl1_mscore1,ret60_ret120,ret60;ret120,3,0.000000,true,true,4,2024-01-18,2026-02-24,1.2286832959,1.4498270513,-0.1525311280,1.4419284927,-0.1478888849
164,ret60_ret5_top3_riskoff0p5_riskctrl1_mscore0,ret60_ret5,ret60;ret5,3,0.500000,true,false,4,2024-01-18,2026-02-24,1.2252927637,1.4498270513,-0.1548697049,1.4419284927,-0.1502402720
165,ret60_ret120_ret5_top5_riskoff0p2_riskctrl1_mscore0,ret60_ret120_ret5,ret60;ret120;ret5,5,0.200000,true,false,4,2024-01-18,2026-02-24,1.2182554997,1.4498270513,-0.1597235694,1.4419284927,-0.1551207248
166,ret60_top3_riskoff0p3_riskctrl1_mscore0,ret60,ret60,3,0.300000,true,false,4,2024-01-18,2026-02-24,1.2149836324,1.4498270513,-0.1619802988,1.4419284927,-0.1573898161
167,ret60_ret5_top3_riskoff0p3_riskctrl1_mscore0,ret60_ret5,ret60;ret5,3,0.300000,true,false,4,2024-01-18,2026-02-24,1.2083176839,1.4498270513,-0.1665780530,1.4419284927,-0.1620127558
168,ret60_ret120_ret5_top3_riskoff0p3_riskctrl1_mscore1,ret60_ret120_ret5,ret60;ret120;ret5,3,0.300000,true,true,4,2024-01-18,2026-02-24,1.2051166725,1.4498270513,-0.1687859104,1.4419284927,-0.1642327074
169,ret60_ret120_ret5_top3_riskoff0p2_riskctrl1_mscore1,ret60_ret120_ret5,ret60;ret120;ret5,3,0.200000,true,true,4,2024-01-18,2026-02-24,1.2049345277,1.4498270513,-0.1689115425,1.4419284927,-0.1643590276
170,ret60_ret120_ret5_top3_riskoff0p5_riskctrl1_mscore1,ret60_ret120_ret5,ret60;ret120;ret5,3,0.500000,true,true,4,2024-01-18,2026-02-24,1.2032897416,1.4498270513,-0.1700460131,1.4419284927,-0.1654997125
171,ret60_ret120_ret5_top3_riskoff0_riskctrl1_mscore1,ret60_ret120_ret5,ret60;ret120;ret5,3,0.000000,true,true,4,2024-01-18,2026-02-24,1.2023983914,1.4498270513,-0.1706608107,1.4419284927,-0.1661178779
172,ret60_ret5_top3_riskoff0p2_riskctrl1_mscore0,ret60_ret5,ret60;ret5,3,0.200000,true,false,4,2024-01-18,2026-02-24,1.1992814354,1.4498270513,-0.1728106919,1.4419284927,-0.1682795357
173,ret60_ret120_ret5_top3_riskoff0p5_riskctrl0_mscore1,ret60_ret120_ret5,ret60;ret120;ret5,3,0.500000,false,true,4,2024-01-18,2026-02-24,1.1955365519,1.4498270513,-0.1753936783,1.4419284927,-0.1708766711
174,ret60_ret120_ret5_top5_riskoff0_riskctrl1_mscore0,ret60_ret120_ret5,ret60;ret120;ret5,5,0.000000,true,false,4,2024-01-18,2026-02-24,1.1954379658,1.4498270513,-0.1754616768,1.4419284927,-0.1709450421
175,ret60_ret120_ret5_top3_riskoff0p3_riskctrl0_mscore1,ret60_ret120_ret5,ret60;ret120;ret5,3,0.300000,false,true,4,2024-01-18,2026-02-24,1.1935502122,1.4498270513,-0.1767637312,1.4419284927,-0.1722542288
176,ret60_top3_riskoff0p2_riskctrl1_mscore0,ret60,ret60,3,0.200000,true,false,4,2024-01-18,2026-02-24,1.1922605349,1.4498270513,-0.1776532699,1.4419284927,-0.1731486402
177,ret60_ret120_top3_riskoff0p5_riskctrl1_mscore0,ret60_ret120,ret60;ret120,3,0.500000,true,false,4,2024-01-18,2026-02-24,1.1921696096,1.4498270513,-0.1777159844,1.4419284927,-0.1732116983
178,ret60_ret120_ret5_top3_riskoff0p2_riskctrl0_mscore1,ret60_ret120_ret5,ret60;ret120;ret5,3,0.200000,false,true,4,2024-01-18,2026-02-24,1.1914893603,1.4498270513,-0.1781851779,1.4419284927,-0.1736834619
179,ret60_ret120_ret5_top3_riskoff0_riskctrl0_mscore0,ret60_ret120_ret5,ret60;ret120;ret5,3,0.000000,false,false,4,2024-01-18,2026-02-24,1.1908329255,1.4498270513,-0.1786379456,1.4419284927,-0.1741387097
180,ret60_ret120_ret5_top3_riskoff0p2_riskctrl0_mscore0,ret60_ret120_ret5,ret60;ret120;ret5,3,0.200000,false,false,4,2024-01-18,2026-02-24,1.1908329255,1.4498270513,-0.1786379456,1.4419284927,-0.1741387097
181,ret60_ret120_ret5_top3_riskoff0p3_riskctrl0_mscore0,ret60_ret120_ret5,ret60;ret120;ret5,3,0.300000,false,false,4,2024-01-18,2026-02-24,1.1908329255,1.4498270513,-0.1786379456,1.4419284927,-0.1741387097
182,ret60_ret120_ret5_top3_riskoff0p5_riskctrl0_mscore0,ret60_ret120_ret5,ret60;ret120;ret5,3,0.500000,false,false,4,2024-01-18,2026-02-24,1.1908329255,1.4498270513,-0.1786379456,1.4419284927,-0.1741387097
183,ret60_ret120_ret5_top3_riskoff0_riskctrl0_mscore1,ret60_ret120_ret5,ret60;ret120;ret5,3,0.000000,false,true,4,2024-01-18,2026-02-24,1.1852681290,1.4498270513,-0.1824761940,1.4419284927,-0.1779979832
184,ret60_ret5_top3_riskoff0_riskctrl1_mscore0,ret60_ret5,ret60;ret5,3,0.000000,true,false,4,2024-01-18,2026-02-24,1.1801506047,1.4498270513,-0.1860059421,1.4419284927,-0.1815470665
185,ret60_ret120_ret5_top3_riskoff0p5_riskctrl1_mscore0,ret60_ret120_ret5,ret60;ret120;ret5,3,0.500000,true,false,4,2024-01-18,2026-02-24,1.1572120493,1.4498270513,-0.2018275226,1.4419284927,-0.1974553141
186,ret60_ret120_top3_riskoff0p3_riskctrl1_mscore0,ret60_ret120,ret60;ret120,3,0.300000,true,false,4,2024-01-18,2026-02-24,1.1566091516,1.4498270513,-0.2022433638,1.4419284927,-0.1978734331
187,ret60_top3_riskoff0_riskctrl1_mscore0,ret60,ret60,3,0.000000,true,false,4,2024-01-18,2026-02-24,1.1469988391,1.4498270513,-0.2088719561,1.4419284927,-0.2045383353
188,ret60_ret120_ret5_top3_riskoff0p3_riskctrl1_mscore0,ret60_ret120_ret5,ret60;ret120;ret5,3,0.300000,true,false,4,2024-01-18,2026-02-24,1.1387834652,1.4498270513,-0.2145384071,1.4419284927,-0.2102358259
189,ret60_ret120_top3_riskoff0p2_riskctrl1_mscore0,ret60_ret120,ret60;ret120,3,0.200000,true,false,4,2024-01-18,2026-02-24,1.1386619371,1.4498270513,-0.2146222296,1.4419284927,-0.2103201075
190,ret60_ret120_ret5_top3_riskoff0p2_riskctrl1_mscore0,ret60_ret120_ret5,ret60;ret120;ret5,3,0.200000,true,false,4,2024-01-18,2026-02-24,1.1291877140,1.4498270513,-0.2211569559,1.4419284927,-0.2168906296
191,ret60_ret120_ret5_top3_riskoff0_riskctrl1_mscore0,ret60_ret120_ret5,ret60;ret120;ret5,3,0.000000,true,false,4,2024-01-18,2026-02-24,1.1092679292,1.4498270513,-0.2348963774,1.4419284927,-0.2307053125
192,ret60_ret120_top3_riskoff0_riskctrl1_mscore0,ret60_ret120,ret60;ret120,3,0.000000,true,false,4,2024-01-18,2026-02-24,1.1024937788,1.4498270513,-0.2395687625,1.4419284927,-0.2354032919
