date,strategy,industry_equal_weight,benchmark
2021-12-13,1.0000000000,1.0000000000,1.0000000000
2021-12-14,1.0000000000,0.9954078109,0.9932924191
2021-12-15,1.0000000000,0.9940787395,0.9846768166
2021-12-16,1.0000000000,1.0042441620,0.9903477714
2021-12-17,1.0000000000,0.9943271382,0.9746174122
2021-12-20,1.0000000000,0.9811179554,0.9599944923
2021-12-21,1.0000000000,0.9949953196,0.9664994689
2021-12-22,1.0000000000,0.9972909842,0.9666883040
2021-12-23,1.0000000000,0.9986314962,0.9734332586
2021-12-24,1.0000000000,0.9881045494,0.9680435894
2021-12-27,1.0000000000,0.9902205582,0.9676462489
2021-12-28,1.0000000000,0.9944623309,0.9748534561
2021-12-29,1.0000000000,0.9888371426,0.9605964043
2021-12-30,1.0000000000,0.9963101665,0.9680770290
2021-12-31,1.0000000000,1.0028824953,0.9717868524
2022-01-04,1.0000000000,1.0086308634,0.9673413588
2022-01-05,1.0000000000,0.9975294115,0.9575750423
2022-01-06,1.0000000000,0.9982121335,0.9477615170
2022-01-07,1.0000000000,0.9915944502,0.9485758684
2022-01-10,1.0000000000,0.9974185071,0.9528384279
2022-01-11,1.0000000000,0.9883696155,0.9437369684
2022-01-12,1.0000000000,0.9971330704,0.9531413510
2022-01-13,1.0000000000,0.9837862005,0.9374719698
2022-01-14,1.0000000000,0.9750879564,0.9297631693
2022-01-17,1.0000000000,0.9849388433,0.9377394862
2022-01-18,1.0000000000,0.9867265668,0.9468016051
2022-01-19,1.0000000000,0.9846745546,0.9403162988
2022-01-20,1.0000000000,0.9769279485,0.9488001102
2022-01-21,1.0000000000,0.9664382663,0.9401058264
2022-01-24,1.0000000000,0.9670495406,0.9415673315
2022-01-25,1.0000000000,0.9351999839,0.9202663362
2022-01-26,1.0000000000,0.9410170992,0.9269267084
2022-01-27,1.0000000000,0.9186589007,0.9087454266
2022-01-28,1.0000000000,0.9183846936,0.8977084071
2022-02-07,1.0000000000,0.9350338433,0.9115405799
2022-02-08,1.0000000000,0.9451069282,0.9065600535
2022-02-09,1.0000000000,0.9570239845,0.9150753373
2022-02-10,1.0000000000,0.9587187938,0.9126755577
2022-02-11,1.0000000000,0.9480777023,0.9051103505
2022-02-14,1.0000000000,0.9410679948,0.8953322318
2022-02-15,1.0000000000,0.9453901850,0.9048546363
2022-02-16,1.0000000000,0.9532056518,0.9083736575
2022-02-17,1.0000000000,0.9529759936,0.9105727999
2022-02-18,1.0000000000,0.9613142958,0.9149140407
2022-02-21,1.0000000000,0.9670453904,0.9115838546
2022-02-22,1.0000000000,0.9554381996,0.8997501869
2022-02-23,1.0000000000,0.9649246089,0.9093689760
2022-02-24,1.0000000000,0.9434111565,0.8909319800
2022-02-25,1.0000000000,0.9505378584,0.8996065935
2022-02-28,1.0000000000,0.9527518156,0.9012254613
2022-03-01,1.0000000000,0.9600453783,0.9087080530
2022-03-02,1.0000000000,0.9583600882,0.9006255163
2022-03-04,1.0000000000,0.9469759814,0.8844624100
2022-03-07,1.0000000000,0.9273500124,0.8562059876
2022-03-08,1.0000000000,0.8998391254,0.8390160903
2022-03-09,1.0000000000,0.8888587966,0.8313367953
2022-03-10,1.0000000000,0.9021121701,0.8444155946
2022-03-11,1.0000000000,0.9051883632,0.8471064951
2022-03-14,1.0000000000,0.8782877289,0.8211888745
2022-03-15,1.0000000000,0.8319701930,0.7836283882
2022-03-16,1.0000000000,0.8614050567,0.8175144577
2022-03-17,1.0000000000,0.8782574053,0.8335693772
2022-03-18,1.0000000000,0.8894070746,0.8391164090
2022-03-21,1.0000000000,0.8941853258,0.8377099807
2022-03-22,1.0000000000,0.8961038767,0.8370293875
2022-03-24,1.0000000000,0.8913004370,0.8362465085
2022-03-25,1.0000000000,0.8832936560,0.8211515008
2022-03-28,1.0000000000,0.8819803914,0.8160175459
2022-03-29,1.0000000000,0.8773267222,0.8131987883
2022-03-30,1.0000000000,0.8956248137,0.8367953106
2022-04-01,1.0000000000,0.8991790838,0.8411345844
2022-04-06,1.0000000000,0.9035307345,0.8387112003
2022-04-07,1.0000000000,0.8874241916,0.8279436642
2022-04-08,1.0000000000,0.8884023583,0.8322062237
2022-04-11,1.0000000000,0.8633521796,0.8064971085
2022-04-12,1.0000000000,0.8790082649,0.8222136984
2022-04-13,1.0000000000,0.8671117282,0.8143003265
2022-04-15,1.0000000000,0.8690451921,0.8239407530
2022-04-18,1.0000000000,0.8682063492,0.8195405012
2022-04-19,1.0000000000,0.8701019869,0.8133482828
2022-04-20,1.0000000000,0.8571781280,0.8007376372
2022-04-21,1.0000000000,0.8309753152,0.7859927613
2022-04-22,1.0000000000,0.8310058791,0.7894193320
2022-04-25,1.0000000000,0.7804721008,0.7504052087
2022-04-26,1.0000000000,0.7647928663,0.7443487155
2022-04-27,1.0000000000,0.7893658142,0.7662653920
2022-04-28,1.0000000000,0.7875759188,0.7712950942
2022-04-29,1.0000000000,0.8139786582,0.7900074747
2022-05-06,1.0000000000,0.8038883682,0.7688776112
2022-05-10,1.0000000000,0.8169309863,0.7710511822
2022-05-11,1.0000000000,0.8223092469,0.7821747512
2022-05-12,1.0000000000,0.8223052884,0.7786970376
2022-05-13,1.0000000000,0.8284440181,0.7845705968
2022-05-16,1.0000000000,0.8305084880,0.7782642905
2022-05-17,1.0000000000,0.8340249914,0.7879715961
2022-05-18,1.0000000000,0.8334385263,0.7852216846
2022-05-19,1.0000000000,0.8366119994,0.7867343326
2022-05-20,1.0000000000,0.8505041461,0.8020771864
2022-05-23,1.0000000000,0.8538632478,0.7974310555
2022-05-24,1.0000000000,0.8260445785,0.7787776860
2022-05-25,1.0000000000,0.8379265681,0.7835044652
2022-05-26,1.0000000000,0.8449497937,0.7854439592
2022-05-27,1.0000000000,0.8459575169,0.7870687281
2022-05-30,1.0000000000,0.8530336674,0.7925213423
2022-05-31,1.0000000000,0.8626479444,0.8048152956
2022-06-01,1.0000000000,0.8631038867,0.8031747905
2022-06-02,1.0000000000,0.8642042005,0.8044317243
2022-06-06,1.0000000000,0.8772457162,0.8194834573
2022-06-07,1.0000000000,0.8774671382,0.8220484677
2022-06-08,1.0000000000,0.8825800826,0.8300503560
2022-06-09,1.0000000000,0.8720374101,0.8213678744
2022-06-10,1.0000000000,0.8844395604,0.8338231244
2022-06-13,1.0000000000,0.8808097568,0.8240587749
2022-06-14,1.0000000000,0.8864390550,0.8305421142
2022-06-15,1.0000000000,0.8891282234,0.8415397931
2022-06-16,1.0000000000,0.8887657461,0.8360006295
2022-06-17,1.0000000000,0.8940299417,0.8476021873
2022-06-20,1.0000000000,0.8998006044,0.8518096699
2022-06-21,1.0000000000,0.8965707445,0.8508536921
2022-06-22,1.0000000000,0.8835610099,0.8400448483
2022-06-23,1.0000000000,0.8985962987,0.8544553287
2022-06-24,0.9990000000,0.9073721870,0.8644655573
2022-06-27,1.0194882983,0.9179558167,0.8742004013
2022-06-28,1.0322485337,0.9283136492,0.8832998938
2022-06-29,1.0110596412,0.9140149633,0.8696958968
2022-06-30,1.0217993341,0.9246808064,0.8822160589
2022-07-01,1.0157529102,0.9222930626,0.8786183563
2022-07-04,1.0199896456,0.9298187170,0.8843837287
2022-07-05,1.0219576190,0.9265882879,0.8831071246
2022-07-06,0.9943277858,0.9120441486,0.8702092923
2022-07-07,1.0005234036,0.9167201122,0.8740450057
2022-07-08,0.9935289601,0.9144840952,0.8711554349
2022-07-11,0.9716346835,0.9028029584,0.8565679216
2022-07-12,0.9628783670,0.8946260426,0.8485030882
2022-07-13,0.9658751148,0.9000653862,0.8500452417
2022-07-14,0.9708182656,0.9005798300,0.8501652307
2022-07-15,0.9665322995,0.8845031780,0.8356996735
2022-07-18,0.9862588646,0.9012128256,0.8443664188
2022-07-19,0.9875421065,0.9043320117,0.8397930682
2022-07-20,0.9944037447,0.9116794640,0.8426373972
2022-07-21,0.9798697756,0.9029487339,0.8332467839
2022-07-22,0.9751101226,0.9007338706,0.8336736300
2022-07-25,0.9581271730,0.8946124714,0.8286399937
2022-07-26,0.9680629515,0.9053062233,0.8351980802
2022-07-27,0.9770788740,0.9063817781,0.8310791140
2022-07-28,0.9801030477,0.9089230951,0.8312030371
2022-07-29,0.9780483062,0.9002977286,0.8202722373
2022-08-01,0.9888643886,0.9029854986,0.8239269838
2022-08-02,0.9615473202,0.8763212970,0.8078641961
2022-08-03,0.9546762409,0.8682083903,0.7999881978
2022-08-04,0.9548364343,0.8745730717,0.8067862622
2022-08-05,0.9601478137,0.8846091749,0.8176777214
2022-08-08,0.9739794500,0.8903552283,0.8159388646
2022-08-09,0.9808230070,0.8930131657,0.8175557654
2022-08-10,0.9771975918,0.8898115491,0.8083992289
2022-08-11,0.9837334802,0.9035098369,0.8248829616
2022-08-12,0.9756831954,0.9043943454,0.8244128408
2022-08-15,0.9887372058,0.9056919193,0.8233368740
2022-08-16,0.9940834832,0.9086783928,0.8217947205
2022-08-17,0.9983137493,0.9133395596,0.8294897518
2022-08-18,0.9990456498,0.9072117457,0.8222392698
2022-08-19,0.9840136703,0.9034858539,0.8165289744
2022-08-22,0.9847695918,0.9121578273,0.8224949841
2022-08-23,0.9847615363,0.9117453470,0.8184979740
2022-08-24,0.9812650913,0.8914200417,0.8030252960
2022-08-25,0.9807333789,0.8972376246,0.8096778001
2022-08-26,0.9799142407,0.8941232090,0.8079684488
2022-08-29,0.9803923007,0.8968141795,0.8044218891
2022-08-30,0.9797723755,0.8939685796,0.8017211535
2022-08-31,0.9772946957,0.8811934387,0.8023210984
2022-09-01,0.9763517353,0.8768099808,0.7954168142
2022-09-02,0.9771297269,0.8799358000,0.7914571777
2022-09-05,0.9772925621,0.8834020225,0.7898481451
2022-09-06,0.9785258871,0.8944658211,0.7970966600
2022-09-07,0.9792049174,0.8949620743,0.7976277588
2022-09-08,0.9786549550,0.8909914602,0.7942247925
2022-09-09,0.9787983639,0.8982719103,0.8052618120
2022-09-13,0.9794087478,0.9000994942,0.8086687124
2022-09-14,0.9787769090,0.8923887489,0.7996695385
2022-09-15,0.9756053199,0.8792054121,0.7921476061
2022-09-16,0.9742047112,0.8574553088,0.7735709509
2022-09-19,0.9722264584,0.8506030987,0.7726503796
2022-09-20,0.9732481699,0.8566433590,0.7736024234
2022-09-21,0.9740310632,0.8559490471,0.7678763917
2022-09-22,0.9745780317,0.8511894022,0.7611117668
2022-09-23,0.9734631737,0.8411179010,0.7584916795
2022-09-26,0.9710168984,0.8301052023,0.7546874385
2022-09-27,0.9719048802,0.8458112873,0.7656280735
2022-09-28,0.9700374206,0.8274831397,0.7531197136
2022-09-29,0.9703183528,0.8242509033,0.7528108895
2022-09-30,0.9699989693,0.8182662007,0.7484342421
2022-10-10,0.9697526958,0.8062421414,0.7319210040
2022-10-11,0.9708211999,0.8091996871,0.7332487509
2022-10-12,0.9722791902,0.8243020485,0.7443860891
2022-10-13,0.9715191691,0.8233283973,0.7381623982
2022-10-14,0.9721166958,0.8389348390,0.7558263504
2022-10-17,0.9723049761,0.8448285877,0.7566013612
2022-10-18,0.9728139302,0.8452853263,0.7550001967
2022-10-19,0.9717871182,0.8350373763,0.7428557378
2022-10-20,0.9714549383,0.8311708860,0.7386069476
2022-10-21,0.9721884058,0.8301177466,0.7362386404
2022-10-24,0.9705203979,0.8130829530,0.7146957001
2022-10-25,0.9696675525,0.8112782547,0.7135312168
2022-10-26,0.9695332003,0.8212922373,0.7193241276
2022-10-27,0.9701318033,0.8189482868,0.7142570518
2022-10-28,0.9676265915,0.7941955797,0.6965911326
2022-10-31,0.9650414812,0.7905878586,0.6901727055
2022-11-01,0.9670145299,0.8136411416,0.7148530627
2022-11-02,0.9686045904,0.8241298852,0.7234371927
2022-11-03,0.9681708072,0.8225425298,0.7175537983
2022-11-04,0.9709172589,0.8436733919,0.7410145954
2022-11-07,0.9721730096,0.8487899171,0.7426137928
2022-11-08,0.9716814580,0.8463786127,0.7375054093
2022-11-09,0.9716823574,0.8442157542,0.7306089933
2022-11-10,0.9717866588,0.8420766897,0.7249872143
2022-11-11,0.9740152775,0.8555248756,0.7451984736
2022-11-14,0.9730037427,0.8521296002,0.7462960777
2022-11-15,0.9739559163,0.8657391380,0.7604488768
2022-11-16,0.9739607852,0.8630549954,0.7542369881
2022-11-17,0.9732065872,0.8620328283,0.7511428459
2022-11-18,0.9722246168,0.8570510857,0.7477811873
2022-11-21,0.9714451104,0.8529076948,0.7414001338
2022-11-22,0.9708054153,0.8499333774,0.7414866832
2022-11-23,0.9696817375,0.8488112940,0.7422656281
2022-11-24,0.9696077141,0.8484499144,0.7389767497
2022-11-25,0.9694372966,0.8498286395,0.7427082104
2022-11-28,0.9697183152,0.8456529398,0.7343404540
2022-11-29,0.9728262404,0.8661781603,0.7569967347
2022-11-30,0.9729794915,0.8667604530,0.7579055038
2022-12-01,0.9735842980,0.8738772397,0.7661139305
2022-12-02,0.9735234820,0.8736832930,0.7614284590
2022-12-05,0.9751129177,0.8871816964,0.7763641371
2022-12-06,0.9757225285,0.8875580143,0.7805578504
2022-12-07,0.9772825084,0.8869075506,0.7786380267
2022-12-08,0.9775380095,0.8850640815,0.7787835871
2022-12-09,0.9768928352,0.8879986280,0.7864668162
2022-12-12,0.9770540723,0.8789607293,0.7776545104
2022-12-13,0.9777485590,0.8799664091,0.7761280932
2022-12-14,0.9780297188,0.8809657718,0.7779397301
2022-12-15,0.9770525386,0.8783360493,0.7773692907
2022-12-16,0.9772613808,0.8753812406,0.7778099060
2022-12-19,0.9743627594,0.8587031226,0.7658090405
2022-12-20,0.9624689942,0.8491022478,0.7531806916
2022-12-21,0.9648584022,0.8476508007,0.7534796806
2022-12-22,0.9651174128,0.8438591570,0.7545595814
2022-12-23,0.9696408877,0.8415520456,0.7530233290
2022-12-26,0.9753581234,0.8489882195,0.7560269877
2022-12-27,0.9750272007,0.8575183466,0.7647527440
2022-12-28,0.9705156709,0.8514658063,0.7614894370
2022-12-29,0.9710410858,0.8463539829,0.7586254377
2022-12-30,0.9760326887,0.8517296298,0.7615622172
2023-01-03,0.9830900498,0.8613777533,0.7647625792
2023-01-04,0.9872882803,0.8648446655,0.7657559306
2023-01-05,0.9944157274,0.8735952082,0.7806325977
2023-01-06,0.9855279383,0.8721922444,0.7830540147
2023-01-09,0.9894797392,0.8772420638,0.7893937606
2023-01-10,0.9908212745,0.8762537306,0.7902494197
2023-01-11,0.9823067222,0.8734757736,0.7887859475
2023-01-12,0.9789794000,0.8722769823,0.7903281010
2023-01-13,0.9866570339,0.8799847808,0.8014438019
2023-01-16,0.9973803349,0.8893300478,0.8139501947
2023-01-17,0.9922605408,0.8876277254,0.8138085684
2023-01-18,0.9875912599,0.8882487070,0.8124454148
2023-01-19,0.9882056274,0.8922532126,0.8175006885
2023-01-20,0.9890061997,0.9002295921,0.8225205555
2023-01-30,0.9957269686,0.9044906100,0.8264192140
2023-01-31,0.9877334301,0.9040786256,0.8176678862
2023-02-01,0.9976238543,0.9144072127,0.8253530823
2023-02-02,1.0014929888,0.9143997661,0.8224458083
2023-02-03,1.0005785411,0.9094527818,0.8146720957
2023-02-06,0.9922817614,0.9028715818,0.8039025925
2023-02-07,0.9960097120,0.9074204207,0.8053483615
2023-02-08,0.9880860046,0.9020165280,0.8017899996
2023-02-09,1.0051019127,0.9128742783,0.8125536016
2023-02-10,1.0129323392,0.9118701419,0.8077245368
2023-02-13,1.0386572049,0.9218394457,0.8150537000
2023-02-14,1.0359270008,0.9221865015,0.8153920296
2023-02-15,1.0360672919,0.9189534744,0.8111432393
2023-02-16,1.0273808401,0.9062915648,0.8052028011
2023-02-17,1.0210643133,0.9004158028,0.7936012432
2023-02-20,1.0423267441,0.9182118505,0.8130709312
2023-02-21,1.0339292976,0.9226958684,0.8152071285
2023-02-22,1.0312100566,0.9198914143,0.8078504268
2023-02-23,1.0181571004,0.9180138571,0.8072013061
2023-02-24,1.0150582252,0.9137911618,0.7988217475
2023-02-27,1.0091400231,0.9082941894,0.7954364845
2023-02-28,1.0201644455,0.9150621988,0.8004760219
2023-03-01,1.0378450440,0.9242450278,0.8117825249
2023-03-02,1.0428285604,0.9238542466,0.8099728550
2023-03-03,1.0385270702,0.9258542620,0.8124926236
2023-03-06,1.0376256271,0.9224268615,0.8082556355
2023-03-07,1.0137928952,0.9072119530,0.7964219678
2023-03-08,1.0201502811,0.9094188212,0.7935225619
2023-03-09,1.0155840608,0.9067624151,0.7907175735
2023-03-10,1.0016573280,0.8923332123,0.7803493450
2023-03-13,1.0181931544,0.8999575181,0.7885223652
2023-03-14,1.0080104634,0.8911603886,0.7838034541
2023-03-15,0.9985178345,0.8954862254,0.7842362013
2023-03-16,0.9953682084,0.8826078664,0.7748436209
2023-03-17,1.0089368532,0.8890432828,0.7787127739
2023-03-20,1.0033065766,0.8840874462,0.7748298517
2023-03-21,1.0244028338,0.8948461074,0.7833471026
2023-03-22,1.0261248488,0.8990470826,0.7867028601
2023-03-23,1.0274300100,0.9018394854,0.7945021441
2023-03-24,1.0279982168,0.9010331291,0.7921338369
2023-03-27,1.0284194939,0.8987396741,0.7892678705
2023-03-28,1.0278226931,0.8953848895,0.7867166293
2023-03-29,1.0272506231,0.8925056943,0.7880207719
2023-03-30,1.0261244977,0.8966590640,0.7943919902
2023-03-31,1.0285547314,0.9027037450,0.7968311106
2023-04-03,1.0316309850,0.9125264230,0.8046284276
2023-04-04,1.0318347460,0.9103115019,0.8070950864
2023-04-06,1.0312181270,0.9081883049,0.8058224163
2023-04-07,1.0329668106,0.9152687188,0.8110625910
2023-04-10,1.0305503037,0.9080150452,0.8074294819
2023-04-11,1.0316626199,0.9105708339,0.8065128447
2023-04-12,1.0342649973,0.9140526971,0.8059502734
2023-04-13,1.0326978494,0.9099353937,0.8003816043
2023-04-14,1.0325150022,0.9116183389,0.8049097132
2023-04-17,1.0319185277,0.9175372065,0.8161965459
2023-04-18,1.0324960516,0.9174057035,0.8186848420
2023-04-19,1.0321988652,0.9111884333,0.8113143711
2023-04-20,1.0341191466,0.9085121702,0.8090444156
2023-04-21,1.0294108059,0.8890705019,0.7932196389
2023-04-24,1.0298041134,0.8826729991,0.7833982454
2023-04-25,1.0285513651,0.8737691003,0.7794700814
2023-04-26,1.0269645960,0.8761393330,0.7787934222
2023-04-27,1.0251699868,0.8782838291,0.7845351902
2023-04-28,1.0290834034,0.8910574509,0.7925351115
2023-05-04,1.0289385991,0.8934653091,0.7927632873
2023-05-05,1.0279224011,0.8880487696,0.7901333648
2023-05-08,1.0286443142,0.8945549182,0.7991384397
2023-05-09,1.0270179145,0.8849325900,0.7922971006
2023-05-10,1.0265589801,0.8828086746,0.7861973327
2023-05-11,1.0268981608,0.8839684922,0.7849758055
2023-05-12,1.0250093794,0.8737134619,0.7745702034
2023-05-15,1.0252750717,0.8812278813,0.7865946733
2023-05-16,1.0229806606,0.8723779566,0.7825268500
2023-05-17,1.0234977369,0.8733836921,0.7789783233
2023-05-18,1.0256686818,0.8745332298,0.7781718400
2023-05-19,1.0253560398,0.8720708996,0.7759038514
2023-05-22,1.0245531173,0.8754573008,0.7807801251
2023-05-23,1.0226909577,0.8650860685,0.7697372045
2023-05-24,1.0220196774,0.8572958851,0.7590955584
2023-05-25,1.0220633034,0.8545858515,0.7574058775
2023-05-26,1.0229530103,0.8571686322,0.7574943940
2023-05-29,1.0241139206,0.8542628021,0.7541484716
2023-05-30,1.0257143957,0.8572658436,0.7548979110
2023-05-31,1.0257388986,0.8529147849,0.7471851764
2023-06-01,1.0261875995,0.8542300956,0.7488237145
2023-06-02,1.0265212492,0.8645202709,0.7596345254
2023-06-05,1.0273231335,0.8649870004,0.7561764822
2023-06-06,1.0259168376,0.8538730800,0.7490774617
2023-06-07,1.0265001519,0.8546215194,0.7453755065
2023-06-08,1.0268344209,0.8570277427,0.7514438019
2023-06-09,1.0283871995,0.8599220372,0.7546913726
2023-06-12,1.0276589944,0.8640950689,0.7562118887
2023-06-13,1.0281116525,0.8658826589,0.7602403714
2023-06-14,1.0280878054,0.8681409076,0.7600653055
2023-06-15,1.0284859097,0.8752919962,0.7721586215
2023-06-16,1.0297996698,0.8812457388,0.7796038396
2023-06-19,1.0298477684,0.8762017956,0.7732227861
2023-06-20,1.0296430836,0.8724094663,0.7719107754
2023-06-21,1.0271983414,0.8590451486,0.7600672725
2023-06-26,1.0252713923,0.8452182434,0.7493803848
2023-06-27,1.0265732394,0.8597900033,0.7564085920
2023-06-28,1.0260496679,0.8578450261,0.7554978559
2023-06-29,1.0263120654,0.8573653090,0.7517683622
2023-06-30,1.0268134068,0.8647718233,0.7558224163
2023-07-03,1.0270062406,0.8729136087,0.7657421614
2023-07-04,1.0268181532,0.8738265065,0.7669479523
2023-07-05,1.0259953579,0.8681081879,0.7610075141
2023-07-06,1.0258021896,0.8649218851,0.7558814273
2023-07-07,1.0256124959,0.8623172467,0.7525276368
2023-07-10,1.0257781359,0.8646356764,0.7561922184
2023-07-11,1.0259474898,0.8690430092,0.7611412723
2023-07-12,1.0248016660,0.8602193510,0.7560171525
2023-07-13,1.0265691537,0.8699923374,0.7668318974
2023-07-14,1.0273533398,0.8694921602,0.7669656556
2023-07-17,1.0266276339,0.8648245161,0.7606849207
2023-07-18,1.0255250387,0.8637218816,0.7582792399
2023-07-19,1.0256477825,0.8652681640,0.7574786577
2023-07-20,1.0239033834,0.8585911123,0.7521322633
2023-07-21,1.0235117141,0.8585315435,0.7517821315
2023-07-24,1.0237175492,0.8557364910,0.7484991542
2023-07-25,1.0247210463,0.8746394483,0.7701168417
2023-07-26,1.0237011913,0.8732865399,0.7685215783
2023-07-27,1.0234170570,0.8701082198,0.7676049412
2023-07-28,1.0244435560,0.8828207672,0.7853849483
2023-07-31,1.0253907102,0.8917808388,0.7896907825
2023-08-01,1.0256795679,0.8902362738,0.7864196074
2023-08-02,1.0253158742,0.8858610255,0.7808922460
2023-08-03,1.0248127245,0.8877353027,0.7877925961
2023-08-04,1.0252355972,0.8894190472,0.7908611668
2023-08-07,1.0247845990,0.8836557937,0.7848754868
2023-08-08,1.0242802515,0.8806578180,0.7828258389
2023-08-09,1.0230643393,0.8741523764,0.7804339274
2023-08-10,1.0230694291,0.8765481198,0.7820370589
2023-08-11,1.0214680358,0.8598981262,0.7640446123
2023-08-14,1.0218343072,0.8606664918,0.7584700421
2023-08-15,1.0215934136,0.8570617655,0.7566269326
2023-08-16,1.0202309282,0.8509628403,0.7510779338
2023-08-17,1.0209548295,0.8574625134,0.7535898344
2023-08-18,1.0189702436,0.8449187838,0.7443251111
2023-08-21,1.0175925957,0.8372329043,0.7336165860
2023-08-22,1.0189708223,0.8413190018,0.7392560683
2023-08-23,1.0170114878,0.8286568687,0.7271391479
2023-08-24,1.0174256970,0.8300286112,0.7324107951
2023-08-25,1.0163245684,0.8215270021,0.7296018726
2023-08-28,1.0184163380,0.8319835989,0.7381525630
2023-08-29,1.0205988863,0.8467774619,0.7455269680
2023-08-30,1.0206301926,0.8470720771,0.7452122428
2023-08-31,1.0191862930,0.8402404328,0.7406408592
2023-09-01,1.0198401918,0.8460123586,0.7457984185
2023-09-04,1.0209969980,0.8602722940,0.7571009875
2023-09-05,1.0196632751,0.8542115449,0.7514693733
2023-09-06,1.0203053951,0.8537998611,0.7498387033
2023-09-07,1.0190173028,0.8427234964,0.7393032771
2023-09-11,1.0199688406,0.8475368190,0.7410873756
2023-09-12,1.0201778375,0.8463954643,0.7397222550
2023-09-13,1.0190779005,0.8407295364,0.7350112121
2023-09-14,1.0184051909,0.8384632625,0.7343935639
2023-09-15,1.0184580128,0.8373807354,0.7295290924
2023-09-18,1.0186828791,0.8408666107,0.7332526850
2023-09-19,1.0188738358,0.8363439387,0.7318344545
2023-09-20,1.0186122842,0.8319883219,0.7289212794
2023-09-21,1.0179200965,0.8252830795,0.7223808962
2023-09-22,1.0186605729,0.8371944117,0.7354596955
2023-09-25,1.0177116090,0.8318720545,0.7306739053
2023-09-26,1.0170158254,0.8280947193,0.7264034777
2023-09-27,1.0168916298,0.8301137697,0.7279003895
2023-09-28,1.0172004988,0.8328570290,0.7257405877
2023-10-09,1.0164937520,0.8274820052,0.7247983792
2023-10-10,1.0153926002,0.8228120089,0.7193693694
2023-10-11,1.0149702414,0.8220729133,0.7214190173
2023-10-12,1.0160119133,0.8277797290,0.7282701916
2023-10-13,1.0152163991,0.8200358058,0.7206046658
2023-10-16,1.0152651033,0.8155744480,0.7133640190
2023-10-17,1.0157076932,0.8168650155,0.7158818207
2023-10-18,1.0146254939,0.8059943204,0.7102128329
2023-10-19,1.0131212844,0.7943636389,0.6950588143
2023-10-20,1.0127174133,0.7884601299,0.6905444746
2023-10-23,1.0117058868,0.7732450239,0.6833943113
2023-10-24,1.0125518420,0.7838721088,0.6859298163
2023-10-25,1.0130881818,0.7911218502,0.6893386837
2023-10-26,1.0132507929,0.7926982568,0.6912427712
2023-10-27,1.0142632982,0.8034556415,0.7007337031
2023-10-30,1.0143207116,0.8087155178,0.7049392187
2023-10-31,1.0147629740,0.8064865238,0.7027243401
2023-11-01,1.0150158730,0.8060300002,0.7024332192
2023-11-02,1.0146751962,0.8003643076,0.6991207365
2023-11-03,1.0151493033,0.8062353390,0.7050119989
2023-11-06,1.0159554908,0.8172239456,0.7145462056
2023-11-07,1.0158370269,0.8184431194,0.7120185688
2023-11-08,1.0156358850,0.8184184510,0.7103092175
2023-11-09,1.0158674506,0.8168548768,0.7106554152
2023-11-10,1.0156646168,0.8134490056,0.7054742515
2023-11-13,1.0153017193,0.8180042745,0.7040815925
2023-11-14,1.0153797067,0.8203961568,0.7046028561
2023-11-15,1.0159773974,0.8252797024,0.7095578111
2023-11-16,1.0153969812,0.8195586519,0.7026948346
2023-11-17,1.0153046963,0.8215723357,0.7018509776
2023-11-20,1.0156113418,0.8265506049,0.7034737795
2023-11-21,1.0155051432,0.8261622885,0.7044081199
2023-11-22,1.0144204016,0.8189492607,0.6971989457
2023-11-23,1.0156562324,0.8249189893,0.7005625713
2023-11-24,1.0150977066,0.8183894291,0.6959380778
2023-11-27,1.0154569207,0.8150849979,0.6908100240
2023-11-28,1.0162579297,0.8180455146,0.6921043314
2023-11-29,1.0159963670,0.8124876844,0.6861619261
2023-11-30,1.0158192799,0.8113044125,0.6877139148
2023-12-01,1.0155131854,0.8141003442,0.6850938275
2023-12-04,1.0149772648,0.8131980531,0.6806207955
2023-12-05,1.0131697508,0.7983917251,0.6676619851
2023-12-06,1.0133284562,0.8017220362,0.6687123805
2023-12-07,1.0126419419,0.8005875236,0.6670758094
2023-12-08,1.0127204039,0.7968683044,0.6686848420
2023-12-11,1.0137699266,0.8040290956,0.6726169401
2023-12-12,1.0140343504,0.8078156004,0.6740627090
2023-12-13,1.0128465854,0.7982834320,0.6628132499
2023-12-14,1.0122251095,0.7967499531,0.6593414375
2023-12-15,1.0114593519,0.7948163551,0.6572937566
2023-12-18,1.0108226349,0.7864790480,0.6548979110
2023-12-19,1.0106233370,0.7856757265,0.6558165152
2023-12-20,1.0092392571,0.7764278948,0.6486289783
2023-12-21,1.0097510520,0.7829025139,0.6551929659
2023-12-22,1.0078976908,0.7771866517,0.6564439986
2023-12-25,1.0079510307,0.7760597563,0.6584543058
2023-12-26,1.0067620087,0.7686329375,0.6539970101
2023-12-27,1.0073470390,0.7721052304,0.6562728668
2023-12-28,1.0076717979,0.7862093417,0.6716511271
2023-12-29,1.0090936873,0.7931386147,0.6749105000
2024-01-02,1.0094437663,0.7911563551,0.6661060624
2024-01-03,1.0094906713,0.7903835863,0.6645226012
2024-01-04,1.0091143812,0.7868862099,0.6583756245
2024-01-05,1.0077112390,0.7779656860,0.6548467682
2024-01-08,1.0061431145,0.7653849299,0.6463786931
2024-01-09,1.0064961262,0.7693561635,0.6476454621
2024-01-10,1.0053068362,0.7655254918,0.6446221331
2024-01-11,1.0065511101,0.7731738422,0.6482690114
2024-01-12,1.0061099791,0.7700959867,0.6460069240
2024-01-15,1.0058076358,0.7700341007,0.6453676384
2024-01-16,1.0055685501,0.7694888693,0.6492938353
2024-01-17,1.0035857364,0.7521286588,0.6351705417
2024-01-18,1.0031157888,0.7526177119,0.6441500452
2024-01-19,1.0024902054,0.7477652983,0.6431763641
2024-01-22,0.9981805898,0.7170618596,0.6331681026
2024-01-23,0.9995355411,0.7226903620,0.6357311460
2024-01-24,1.0013714031,0.7355056677,0.6446181990
2024-01-25,1.0042941419,0.7577178514,0.6575632401
2024-01-26,1.0047484953,0.7571988277,0.6557732405
2024-01-29,1.0033630633,0.7434645331,0.6498996813
2024-01-30,1.0012957134,0.7256813470,0.6383099256
2024-01-31,0.9992756791,0.7061812612,0.6324698061
2024-02-01,0.9978847118,0.6998950378,0.6329340257
2024-02-02,0.9962871506,0.6835418299,0.6254435658
2024-02-05,0.9926447885,0.6597300364,0.6295330265
2024-02-06,0.9948766745,0.6846201357,0.6514201975
2024-02-07,0.9960048544,0.6946448532,0.6577028994
2024-02-08,0.9986534896,0.7140722520,0.6618926787
2024-02-19,1.0013217901,0.7264831919,0.6695405012
2024-02-20,1.0019810309,0.7304375977,0.6709252921
2024-02-21,1.0025143406,0.7378228760,0.6799775758
2024-02-22,1.0043079413,0.7475134416,0.6858393328
2024-02-23,1.0040782597,0.7547343859,0.6864432118
2024-02-26,1.0028927808,0.7545363380,0.6792871474
2024-02-27,1.0035965836,0.7684517392,0.6874365632
2024-02-28,1.0026002413,0.7445357355,0.6786773673
2024-02-29,1.0036531212,0.7642195247,0.6916243755
2024-03-01,1.0041948754,0.7686746802,0.6958967701
2024-03-04,1.0053890042,0.7697194010,0.6965006491
2024-03-05,1.0057413512,0.7663784199,0.7013474173
2024-03-06,1.0058910003,0.7681042302,0.6985030882
2024-03-07,1.0065691767,0.7640628440,0.6943074078
2024-03-08,1.0070596882,0.7692755649,0.6972953303
2024-03-11,1.0061896040,0.7793651322,0.7060191196
2024-03-12,1.0041320896,0.7827185048,0.7076379873
2024-03-13,1.0039469724,0.7808187675,0.7026948346
2024-03-14,1.0042432841,0.7787971994,0.7007002636
2024-03-15,1.0042370319,0.7851452407,0.7022286479
2024-03-18,1.0039518934,0.7939441621,0.7088260750
2024-03-19,1.0027699060,0.7905452821,0.7037314607
2024-03-20,1.0065285955,0.7953463951,0.7052559109
2024-03-21,1.0054643900,0.7953437331,0.7044120540
2024-03-22,0.9995215092,0.7869827521,0.6973130336
2024-03-25,1.0020208942,0.7771461209,0.6935284630
2024-03-26,0.9989902418,0.7774970897,0.6970671545
2024-03-27,0.9944318778,0.7606954136,0.6890101892
2024-03-28,1.0028346834,0.7710105852,0.6925842873
2024-03-29,1.0202592258,0.7791800482,0.6958338251
2024-04-01,1.0295309735,0.7931560176,0.7072760533
2024-04-02,1.0377666543,0.7916499643,0.7043314056
2024-04-03,1.0513860978,0.7893667664,0.7017978677
2024-04-08,1.0457897512,0.7780576309,0.6956233526
2024-04-09,1.0416648639,0.7819465001,0.6950489791
2024-04-10,1.0448375354,0.7719370618,0.6893878595
2024-04-11,1.0481910333,0.7741051854,0.6892954089
2024-04-12,1.0505361796,0.7687406069,0.6837090365
2024-04-15,1.0646719662,0.7660234270,0.6981155828
2024-04-16,1.0513416386,0.7412544802,0.6906467603
2024-04-17,1.0694422435,0.7651928403,0.7013257799
2024-04-18,1.0749449243,0.7649003071,0.7021912742
2024-04-19,1.0772453457,0.7617564182,0.6966560447
2024-04-22,1.0484841626,0.7564916523,0.6945395177
2024-04-23,1.0316364684,0.7518717778,0.6896848814
2024-04-24,1.0424172278,0.7594433645,0.6927141115
2024-04-25,1.0471271126,0.7605405427,0.6944175617
2024-04-26,1.0579649909,0.7716709887,0.7050375703
2024-04-29,1.0608621519,0.7857824715,0.7128348873
2024-04-30,1.0602667188,0.7807275017,0.7089952398
2024-05-06,1.0646212810,0.7937537571,0.7195168968
2024-05-07,1.0661991645,0.7955693662,0.7197391715
2024-05-08,1.0657335348,0.7872334880,0.7140760848
2024-05-09,1.0719152683,0.7968875043,0.7208308745
2024-05-10,1.0755039789,0.7955882307,0.7211692041
2024-05-13,1.0696734209,0.7907662230,0.7208564460
2024-05-14,1.0657508764,0.7930478065,0.7193536331
2024-05-15,1.0615460026,0.7877950528,0.7132577993
2024-05-16,1.0633528101,0.7900564858,0.7160706558
2024-05-17,1.0746305317,0.7997068111,0.7234686652
2024-05-20,1.0942874673,0.8035796283,0.7260238404
2024-05-21,1.0855900583,0.7979820795,0.7231126323
2024-05-22,1.0805753234,0.7983668402,0.7247433023
2024-05-23,1.0608209879,0.7840521869,0.7163519415
2024-05-24,1.0543235462,0.7765960708,0.7084228333
2024-05-27,1.0667143303,0.7827573852,0.7151559857
2024-05-28,1.0559514937,0.7749181331,0.7099354813
2024-05-29,1.0628872807,0.7762393192,0.7107911405
2024-05-30,1.0547290276,0.7703268146,0.7070124710
2024-05-31,1.0531725331,0.7703605849,0.7041819112
2024-06-03,1.0445904270,0.7634932516,0.7059188009
2024-06-04,1.0463974445,0.7668361919,0.7112140525
2024-06-05,1.0301357640,0.7567176656,0.7071068885
2024-06-06,1.0227779326,0.7448891292,0.7066072623
2024-06-07,1.0249498278,0.7491546386,0.7030390653
2024-06-11,1.0209916818,0.7462918779,0.6968960227
2024-06-12,1.0282042271,0.7506408170,0.6971399347
2024-06-13,1.0197192886,0.7437508698,0.6936012432
2024-06-14,1.0215387732,0.7461361709,0.6966304733
2024-06-17,1.0171924497,0.7410844014,0.6955820449
2024-06-18,1.0286877860,0.7460928191,0.6974290885
2024-06-19,1.0189035247,0.7405434397,0.6941166057
2024-06-20,1.0187286674,0.7299185901,0.6891065738
2024-06-21,1.0184195052,0.7289205171,0.6875998269
2024-06-24,1.0175768068,0.7137168653,0.6838998387
2024-06-25,1.0175567387,0.7125505157,0.6801801802
2024-06-26,1.0176115884,0.7230207962,0.6845784649
2024-06-27,1.0168930713,0.7119280588,0.6794366419
2024-06-28,1.0173957757,0.7143653722,0.6809197844
2024-07-01,1.0192035710,0.7227756156,0.6841693222
2024-07-02,1.0190809075,0.7206717717,0.6829123884
2024-07-03,1.0182404920,0.7176180456,0.6812640151
2024-07-04,1.0177471937,0.7058270020,0.6778020378
2024-07-05,1.0171588392,0.7087168187,0.6749006649
2024-07-08,1.0167043420,0.6962198813,0.6691372595
2024-07-09,1.0168973743,0.7040192374,0.6766218183
2024-07-10,1.0154823858,0.6986690684,0.6744895551
2024-07-11,1.0160497816,0.7129048953,0.6822003226
2024-07-12,1.0156555421,0.7116978867,0.6830323774
2024-07-15,1.0164117621,0.7076802422,0.6837896849
2024-07-16,1.0163383188,0.7081119044,0.6881230576
2024-07-17,1.0154859151,0.7055360860,0.6887721783
2024-07-18,1.0157001267,0.7084522811,0.6925783862
2024-07-19,1.0158291358,0.7084415561,0.6961367481
2024-07-22,1.0153928794,0.7058637937,0.6913961997
2024-07-23,1.0141581270,0.6905701191,0.6766355876
2024-07-24,1.0139720183,0.6830217869,0.6723651599
2024-07-25,1.0131883369,0.6830547740,0.6686474684
2024-07-26,1.0132156982,0.6910403904,0.6706184350
2024-07-29,1.0137179261,0.6894442748,0.6669695897
2024-07-30,1.0135660068,0.6892820093,0.6627680082
2024-07-31,1.0147914958,0.7099769835,0.6770683347
2024-08-01,1.0149933021,0.7061028859,0.6725815335
2024-08-02,1.0134593994,0.6994272746,0.6657205240
2024-08-05,1.0109251030,0.6885175752,0.6576419214
2024-08-06,1.0111491713,0.6954381999,0.6575750423
2024-08-07,1.0114445783,0.6952019689,0.6572819544
2024-08-08,1.0111477142,0.6957179083,0.6575671742
2024-08-09,1.0109496065,0.6915014698,0.6553424604
2024-08-12,1.0104276091,0.6878114242,0.6542074826
2024-08-13,1.0109898062,0.6903592347,0.6558853613
2024-08-14,1.0107535727,0.6845635909,0.6509382745
2024-08-15,1.0115670372,0.6903998691,0.6573724379
2024-08-16,1.0113185809,0.6868697998,0.6580963059
2024-08-19,1.0116718287,0.6877532108,0.6603269208
2024-08-20,1.0107119499,0.6777751696,0.6555529328
2024-08-21,1.0103113435,0.6749295968,0.6533773949
2024-08-22,1.0102115906,0.6681291563,0.6517054172
2024-08-23,1.0100047464,0.6687716680,0.6544690979
2024-08-26,1.0099335675,0.6710093633,0.6538848893
2024-08-27,1.0088920366,0.6648832212,0.6501691648
2024-08-28,1.0089591145,0.6645403847,0.6464652425
2024-08-29,1.0086889584,0.6683547677,0.6447303198
2024-08-30,1.0094080225,0.6794815726,0.6533360872
2024-09-02,1.0081486311,0.6682654378,0.6422380896
2024-09-03,1.0079307308,0.6720872911,0.6438943310
2024-09-04,1.0074668405,0.6672267730,0.6397104528
2024-09-05,1.0076125532,0.6710800029,0.6408119910
2024-09-06,1.0066187909,0.6624747763,0.6356170581
2024-09-09,1.0056472547,0.6569536250,0.6280636532
2024-09-10,1.0059061314,0.6576679328,0.6286163893
2024-09-11,1.0042040634,0.6551629185,0.6267221370
2024-09-12,1.0042627775,0.6533175981,0.6240351705
2024-09-13,1.0042828016,0.6490594653,0.6214347535
2024-09-18,1.0050729566,0.6493965087,0.6237479838
2024-09-19,1.0061185541,0.6600362498,0.6286714662
2024-09-20,1.0063758692,0.6591777813,0.6296569495
2024-09-23,1.0072513424,0.6612606138,0.6319603446
2024-09-24,1.0112182270,0.6878137895,0.6593316023
2024-09-25,1.0130922753,0.6970436538,0.6690920178
2024-09-26,1.0171146267,0.7267268975,0.6973759786
2024-09-27,1.0197955832,0.7599252260,0.7285259058
2024-09-30,1.0277144741,0.8314825645,0.7903241670
2024-10-08,1.0332607765,0.8797936109,0.8371887171
2024-10-09,1.0264083023,0.8091658397,0.7781541367
2024-10-10,1.0273054480,0.8158505198,0.7863782997
2024-10-11,1.0255962675,0.7907614009,0.7646189858
2024-10-14,1.0278214552,0.8103050220,0.7792084661
2024-10-15,1.0250419929,0.7931542725,0.7584857784
2024-10-16,1.0253845331,0.7943781205,0.7536862190
2024-10-17,1.0241517918,0.7862050459,0.7451551989
2024-10-18,1.0258545586,0.8093746569,0.7721055116
2024-10-21,1.0326798712,0.8175924265,0.7740666431
2024-10-22,1.0386498558,0.8264546181,0.7785082025
2024-10-23,1.0421705154,0.8294516088,0.7815433337
2024-10-24,1.0360909661,0.8236451120,0.7728136433
2024-10-25,1.0528037655,0.8356101938,0.7782406861
2024-10-28,1.0680782595,0.8517710609,0.7797631693
2024-10-29,1.0628411066,0.8395641668,0.7719914237
2024-10-30,1.0645781088,0.8399595633,0.7650674692
2024-10-31,1.0722949075,0.8459372560,0.7653802274
2024-11-01,1.0530151933,0.8356932345,0.7651795901
2024-11-04,1.0654324570,0.8457905161,0.7759471262
2024-11-05,1.0914780500,0.8678313690,0.7955800779
2024-11-06,1.0917192448,0.8710650361,0.7915889689
2024-11-07,1.1218457430,0.8938013075,0.8154726779
2024-11-08,1.1162888194,0.8886627761,0.8072799874
2024-11-11,1.1292970835,0.8959460230,0.8126067115
2024-11-12,1.1196769813,0.8867933032,0.8036783508
2024-11-13,1.1203565255,0.8884754960,0.8086254377
2024-11-14,1.1039267433,0.8682156830,0.7946063968
2024-11-15,1.0796751999,0.8527710713,0.7806817735
2024-11-18,1.0537358453,0.8437003895,0.7770525984
2024-11-19,1.0691238508,0.8545382151,0.7822672017
2024-11-20,1.0906583744,0.8656920596,0.7840139266
2024-11-21,1.0964474749,0.8664700890,0.7847082891
2024-11-22,1.0636275815,0.8397921996,0.7603957669
2024-11-25,1.0642313334,0.8426771337,0.7569318227
2024-11-26,1.0578268629,0.8379059700,0.7553758999
2024-11-27,1.0857572062,0.8519069854,0.7685274794
2024-11-28,1.0859651119,0.8503489582,0.7617431842
2024-11-29,1.1091285587,0.8611451746,0.7704040285
2024-12-02,1.1326336057,0.8768477355,0.7765116645
2024-12-03,1.1318694728,0.8782280768,0.7773496204
2024-12-04,1.1112302351,0.8692755341,0.7731539400
2024-12-05,1.1301503123,0.8739299473,0.7713895118
2024-12-06,1.1476459952,0.8846632573,0.7815295645
2024-12-09,1.1327298492,0.8808751181,0.7802372241
2024-12-10,1.1485790863,0.8869857830,0.7859553877
2024-12-11,1.1624083671,0.8969573125,0.7846158385
2024-12-12,1.1807171076,0.9071844101,0.7924190566
2024-12-13,1.1577313238,0.8897707008,0.7736693025
2024-12-16,1.1472994974,0.8857349345,0.7694716551
2024-12-17,1.1190786955,0.8689673033,0.7714760612
2024-12-18,1.1208998274,0.8724987469,0.7753825878
2024-12-19,1.1228025851,0.8703476110,0.7760848184
2024-12-20,1.1272758412,0.8707791123,0.7725992368
2024-12-23,1.0925693989,0.8527242359,0.7737460168
2024-12-24,1.1057109782,0.8616644469,0.7836047838
2024-12-25,1.0915495891,0.8538118088,0.7839863881
2024-12-26,1.1041871509,0.8580893282,0.7843502892
2024-12-27,1.1089492598,0.8616140562,0.7830815532
2024-12-30,1.1065378461,0.8581843607,0.7866261458
2024-12-31,1.0749628874,0.8418698903,0.7740095991
2025-01-02,1.0472032432,0.8251386780,0.7514851096
2025-01-03,1.0088977631,0.8043247888,0.7425862544
2025-01-06,1.0039599358,0.8012128162,0.7413686612
2025-01-07,1.0256833077,0.8109876536,0.7467071875
2025-01-08,1.0281321318,0.8100275960,0.7453519021
2025-01-09,1.0272714451,0.8082277628,0.7435146937
2025-01-10,1.0031909140,0.7911698509,0.7341909595
2025-01-13,1.0058272442,0.7918065040,0.7322298281
2025-01-14,1.0098531519,0.8186857772,0.7515126480
2025-01-15,1.0090857103,0.8143110869,0.7466914513
2025-01-16,1.0099989315,0.8194697059,0.7475471104
2025-01-17,1.0097110057,0.8201092292,0.7498996813
2025-01-20,1.0107933890,0.8238375231,0.7533105158
2025-01-21,1.0107994228,0.8224424094,0.7538868563
2025-01-22,1.0097909683,0.8140680476,0.7468861875
2025-01-23,1.0092534805,0.8138825061,0.7482080334
2025-01-24,1.0102317457,0.8215864787,0.7539360321
2025-01-27,1.0090006762,0.8177467992,0.7508320548
2025-02-05,1.0083120015,0.8157850355,0.7465045832
2025-02-06,1.0098184641,0.8279393490,0.7558971635
2025-02-07,1.0113049766,0.8394402289,0.7657067548
2025-02-10,1.0128024604,0.8478494988,0.7673511940
2025-02-11,1.0130184821,0.8453679283,0.7638262717
2025-02-12,1.0140404116,0.8527819298,0.7710492152
2025-02-13,1.0133502779,0.8506286204,0.7681537433
2025-02-14,1.0128344386,0.8522221619,0.7748160825
2025-02-17,1.0138000127,0.8564437878,0.7764664228
2025-02-18,1.0109712515,0.8404630889,0.7696565561
2025-02-19,1.0125983262,0.8501068314,0.7750422912
2025-02-20,1.0129567177,0.8524181645,0.7728274126
2025-02-21,1.0133926204,0.8587581472,0.7825720917
2025-02-24,1.0136836238,0.8612083885,0.7808568394
2025-02-25,1.0133949254,0.8533766680,0.7721881270
2025-02-26,1.0142862364,0.8629953025,0.7789330816
2025-02-27,1.0150619170,0.8650499847,0.7805421142
2025-02-28,1.0123929939,0.8455230486,0.7651854912
2025-03-03,1.0123851067,0.8473483971,0.7648747000
2025-03-04,1.0125172448,0.8508123241,0.7642354145
2025-03-05,1.0133852876,0.8525496816,0.7676482159
2025-03-06,1.0145088843,0.8650198462,0.7782052795
2025-03-07,1.0144144288,0.8626006511,0.7757995987
2025-03-10,1.0145926253,0.8637223712,0.7728077422
2025-03-11,1.0151917158,0.8697501356,0.7752901373
2025-03-12,1.0150847060,0.8694143240,0.7724989181
2025-03-13,1.0138716973,0.8655919141,0.7694205122
2025-03-14,1.0158379280,0.8808552485,0.7881033872
2025-03-17,1.0165527939,0.8835949780,0.7861815964
2025-03-18,1.0160663399,0.8850653363,0.7883315630
2025-03-19,1.0093501589,0.8818251113,0.7888134860
2025-03-20,1.0068438133,0.8782028249,0.7818934655
2025-03-21,0.9882734002,0.8678310482,0.7700342264
2025-03-24,0.9830351151,0.8637638605,0.7739977969
2025-03-25,0.9708396902,0.8622999905,0.7734962036
2025-03-26,0.9743342239,0.8648159764,0.7709508635
2025-03-27,0.9727770264,0.8627887762,0.7735178410
2025-03-28,0.9669712503,0.8550449164,0.7701266769
2025-03-31,0.9641692023,0.8468823787,0.7646465243
2025-04-01,0.9614158194,0.8513575262,0.7647193045
2025-04-02,0.9642295336,0.8521582831,0.7640721508
2025-04-03,0.9515050395,0.8492210166,0.7595696133
2025-04-07,0.8748470489,0.7723587845,0.7060545261
2025-04-08,0.8697849624,0.7838099824,0.7181163696
2025-04-09,0.8858398988,0.7990685638,0.7252035879
2025-04-10,0.9020505728,0.8148447593,0.7347102561
2025-04-11,0.9133385399,0.8159699487,0.7377394862
2025-04-14,0.9204814929,0.8253990610,0.7394350683
2025-04-15,0.9171646339,0.8249866854,0.7398461781
2025-04-16,0.9081557885,0.8206881947,0.7421259688
2025-04-17,0.9084603603,0.8227936441,0.7420079468
2025-04-18,0.9071269082,0.8210497304,0.7420669578
2025-04-21,0.9082341498,0.8299179567,0.7444982100
2025-04-22,0.9080839202,0.8304412816,0.7443152760
2025-04-23,0.9076396049,0.8305695901,0.7448916165
2025-04-24,0.9074388774,0.8278615708,0.7443959243
2025-04-25,0.9076496539,0.8298503725,0.7449132539
2025-04-28,0.9067918526,0.8226602692,0.7438569574
2025-04-29,0.9073585293,0.8244049513,0.7425705181
2025-04-30,0.9078661528,0.8264469675,0.7416833864
2025-05-06,0.9092037025,0.8412901358,0.7491522090
2025-05-07,0.9094375250,0.8463437853,0.7536940871
2025-05-08,0.9095634262,0.8505046247,0.7578779653
2025-05-09,0.9092447109,0.8455431731,0.7565521854
2025-05-12,0.9096959352,0.8538974532,0.7652956450
2025-05-13,0.9097261801,0.8537675420,0.7664070184
2025-05-14,0.9102891471,0.8587470096,0.7756422361
2025-05-15,0.9101705281,0.8517662136,0.7685589520
2025-05-16,0.9095961564,0.8511708192,0.7649966560
2025-05-19,0.9098990340,0.8555257045,0.7626480192
2025-05-20,0.9108249308,0.8622429513,0.7667827216
2025-05-21,0.9105776344,0.8624039517,0.7703646878
2025-05-22,0.9098217133,0.8556369443,0.7698709627
2025-05-23,0.9087268937,0.8467888172,0.7636551399
2025-05-26,0.9090142922,0.8489475282,0.7592961958
2025-05-27,0.9092394830,0.8480165609,0.7552224714
2025-05-28,0.9090356038,0.8472556948,0.7546008891
2025-05-29,0.9093248860,0.8549176577,0.7590188442
2025-05-30,0.9090863059,0.8482125064,0.7553857351
2025-06-03,0.9101374983,0.8527417579,0.7577028994
2025-06-04,0.9107734621,0.8606998458,0.7609937448
2025-06-05,0.9098454943,0.8601280007,0.7627286675
2025-06-06,0.9094252174,0.8594839634,0.7620244699
2025-06-09,0.9100870446,0.8657965607,0.7642413156
2025-06-10,0.9097761352,0.8609267727,0.7603505252
2025-06-11,0.9102407773,0.8665895830,0.7660863921
2025-06-12,0.9098996808,0.8665056953,0.7656084032
2025-06-13,0.9089580234,0.8564847825,0.7600967780
2025-06-16,0.9086756034,0.8601963347,0.7619890633
2025-06-17,0.9079683588,0.8597370075,0.7613163382
2025-06-18,0.9044863419,0.8562658371,0.7622192061
2025-06-19,0.8963814211,0.8448610766,0.7559483064
2025-06-20,0.8957693141,0.8413209228,0.7566466029
2025-06-23,0.8996199794,0.8477220296,0.7588614816
2025-06-24,0.9043714459,0.8592147449,0.7679354027
2025-06-25,0.9078009682,0.8678454365,0.7789586530
2025-06-26,0.9057879590,0.8656715043,0.7761949723
2025-06-27,0.9011265903,0.8666533455,0.7714229513
2025-06-30,0.9042571385,0.8739015613,0.7742397419
2025-07-01,0.9113099708,0.8767768415,0.7755537197
2025-07-02,0.9108016722,0.8761298551,0.7757346867
2025-07-03,0.9142934392,0.8796156864,0.7805322790
2025-07-04,0.9158278208,0.8775941885,0.7833116960
2025-07-07,0.9176819284,0.8797235773,0.7799618396
2025-07-08,0.9191206279,0.8883743559,0.7865081238
2025-07-09,0.9208729393,0.8878112513,0.7851213659
2025-07-10,0.9222244388,0.8916078113,0.7887839805
2025-07-11,0.9217208222,0.8941703364,0.7897261891
2025-07-14,0.9249068561,0.8956510521,0.7902887604
2025-07-15,0.9160402872,0.8906450569,0.7905621779
2025-07-16,0.9156735964,0.8917163666,0.7882292773
2025-07-17,0.9272225461,0.8981044449,0.7935973091
2025-07-18,0.9278659500,0.9015154960,0.7983299894
2025-07-21,0.9291307703,0.9127213653,0.8036527794
2025-07-22,0.9264649859,0.9222156419,0.8102128329
2025-07-23,0.9242198685,0.9187755439,0.8103721626
2025-07-24,0.9292468132,0.9299684046,0.8161296668
2025-07-25,0.9274071157,0.9264092765,0.8118257996
2025-07-28,0.9354502290,0.9261428859,0.8135292498
2025-07-29,0.9432639434,0.9284138579,0.8167158425
2025-07-30,0.9407371147,0.9272993256,0.8165624139
2025-07-31,0.9366584309,0.9126530576,0.8016818128
2025-08-01,0.9320779042,0.9114946305,0.7976179236
2025-08-04,0.9416928836,0.9169137244,0.8007199339
2025-08-05,0.9544419193,0.9245224417,0.8071619655
2025-08-06,0.9629107238,0.9297006096,0.8091368661
2025-08-07,0.9631313898,0.9306170996,0.8093689760
2025-08-08,0.9622782146,0.9312013160,0.8074609544
2025-08-11,0.9691349053,0.9385627478,0.8109111295
2025-08-12,0.9720246506,0.9404728794,0.8151048428
2025-08-13,0.9912653909,0.9466754690,0.8215468744
2025-08-14,0.9774322075,0.9362803778,0.8209036547
2025-08-15,0.9888820202,0.9482182954,0.8266159172
2025-08-18,1.0155874768,0.9594760360,0.8339057398
2025-08-19,1.0145377981,0.9612064867,0.8307506196
2025-08-20,1.0194847360,0.9698362536,0.8401982769
2025-08-21,1.0200707327,0.9711329160,0.8434773201
2025-08-22,1.0440505141,0.9811781999,0.8611668437
2025-08-25,1.0680767114,0.9981057662,0.8791101145
2025-08-26,1.0663636850,1.0003643079,0.8758389394
2025-08-27,1.0519527596,0.9794605104,0.8627660412
2025-08-28,1.0772375854,0.9883455404,0.8780400488
2025-08-29,1.0772862547,0.9911969039,0.8845273221
2025-09-01,1.0968037148,0.9986177554,0.8898284748
2025-09-02,1.0630826952,0.9875592810,0.8832861246
2025-09-03,1.0478969816,0.9746594928,0.8772630709
2025-09-04,1.0073847308,0.9623669035,0.8586510091
2025-09-05,1.0354478949,0.9813868720,0.8773594555
2025-09-08,1.0390545632,0.9899644324,0.8787855541
2025-09-09,1.0216890790,0.9854262022,0.8726267752
2025-09-10,1.0300220534,0.9865422883,0.8744167749
2025-09-11,1.0736463224,1.0021588715,0.8946122979
2025-09-12,1.0720564933,0.9992165201,0.8894921122
2025-09-15,1.0626007139,0.9997689641,0.8916676502
2025-09-16,1.0769509475,1.0051643803,0.8897556946
2025-09-17,1.0850643900,1.0091154345,0.8952004406
2025-09-18,1.0708832842,0.9949687043,0.8847928715
2025-09-19,1.0698484107,0.9949960417,0.8855423109
2025-09-22,1.0848909908,0.9929152047,0.8896121012
2025-09-23,1.0732685235,0.9842478185,0.8890554310
2025-09-24,1.0881247585,0.9943049332,0.8981608246
2025-09-25,1.0969281210,0.9927849653,0.9035544278
2025-09-26,1.0742907921,0.9859355312,0.8950096385
2025-09-29,1.0952179394,0.9954158386,0.9087788662
2025-09-30,1.1010105753,0.9988989557,0.9128388214
2025-10-09,1.1285187308,1.0084931456,0.9263700382
2025-10-10,1.0961104548,1.0041539380,0.9081454817
2025-10-13,1.1012437865,1.0002598031,0.9036508124
2025-10-14,1.0646870477,0.9928872039,0.8928478697
2025-10-15,1.0802384034,1.0040506639,0.9060722294
2025-10-16,1.0730946237,0.9977112235,0.9084582399
2025-10-17,1.0371394785,0.9780285384,0.8879637279
2025-10-20,1.0479890555,0.9849284776,0.8926826390
2025-10-21,1.0771804178,0.9983643311,0.9063830206
2025-10-22,1.0692491678,0.9959190659,0.9033734608
2025-10-23,1.0683146428,0.9983081663,0.9060820646
2025-10-24,1.0978044053,1.0020244182,0.9167709194
2025-10-27,1.1240905195,1.0112823826,0.9276564774
2025-10-28,1.1216036333,1.0085856727,0.9229257642
2025-10-29,1.1435584143,1.0157936815,0.9339155750
2025-10-30,1.1288877275,1.0066144880,0.9264546206
2025-10-31,1.1064588267,1.0069574077,0.9128348873
2025-11-03,1.1059910305,1.0128071721,0.9153389197
2025-11-04,1.0883242073,1.0053119111,0.9085133168
2025-11-05,1.0976351211,1.0094611301,0.9101970967
2025-11-06,1.1221307731,1.0163016707,0.9232070498
2025-11-07,1.1249566757,1.0163242989,0.9203332153
2025-11-10,1.1231475625,1.0248631764,0.9235316102
2025-11-11,1.1116750106,1.0232275792,0.9150969747
2025-11-12,1.1090435525,1.0209501146,0.9138656123
2025-11-13,1.1315234940,1.0325107051,0.9249124671
2025-11-14,1.1061767300,1.0246178602,0.9103701955
2025-11-17,1.1096172143,1.0247541713,0.9044513946
2025-11-18,1.0991420067,1.0138910922,0.8985778355
2025-11-19,1.1000821192,1.0095786813,0.9025315709
2025-11-20,1.0923495064,1.0038181274,0.8979405169
2025-11-21,1.0431142662,0.9741829429,0.8760395767
2025-11-24,1.0505823902,0.9803900925,0.8749459066
2025-11-25,1.0732663802,0.9909673427,0.8832762894
2025-11-26,1.0849552178,0.9913140481,0.8886325190
2025-11-27,1.0840512132,0.9904124101,0.8881938707
2025-11-28,1.0948975088,0.9978270816,0.8904087494
2025-12-01,1.1134078169,1.0059398480,0.9002104725
2025-12-02,1.1037020897,1.0020087669,0.8958515284
2025-12-03,1.0933027037,0.9952973136,0.8912722766
2025-12-04,1.0970803125,0.9907450271,0.8943251111
2025-12-05,1.1135575669,1.0011049946,0.9017939337
2025-12-08,1.1379043333,1.0077459518,0.9091132617
2025-12-09,1.1346847320,1.0010822048,0.9044848342
2025-12-10,1.1345202802,1.0054515702,0.9032279004
2025-12-11,1.1244767448,0.9919183332,0.8954286164
2025-12-12,1.1323949620,0.9954034558,0.9010877690
2025-12-15,1.1284100526,0.9934790384,0.8954050120
2025-12-16,1.1103474439,0.9812407225,0.8846827177
2025-12-17,1.1279803436,0.9916344126,0.9008772965
2025-12-18,1.1245401400,0.9910403509,0.8955486054
2025-12-19,1.1324894296,1.0025509749,0.8985758684
2025-12-22,1.1467055396,1.0097368322,0.9071206578
2025-12-23,1.1472697161,1.0062193309,0.9089126244
2025-12-24,1.1517863065,1.0137668670,0.9115346788
2025-12-25,1.1516947633,1.0195270099,0.9132027224
2025-12-26,1.1615547474,1.0227407810,0.9160942602
2025-12-29,1.1554810803,1.0198576813,0.9125791731
2025-12-30,1.1567857287,1.0196922997,0.9149219088
2025-12-31,1.1541571904,1.0205084808,0.9107242614
2026-01-05,1.1648712222,1.0348439860,0.9279967741
2026-01-06,1.1793863523,1.0499132431,0.9423443094
2026-01-07,1.1880001454,1.0514816990,0.9395865298
2026-01-08,1.1847493853,1.0555731048,0.9319111688
2026-01-09,1.1929386183,1.0688692864,0.9360950470
2026-01-12,1.2145420352,1.0858606445,0.9421928479
2026-01-13,1.1991882198,1.0757940260,0.9365100909
2026-01-14,1.2050758037,1.0785654889,0.9327530587
2026-01-15,1.2067897268,1.0729635439,0.9346217396
2026-01-16,1.1938068952,1.0652218306,0.9307742240
2026-01-19,1.2076818548,1.0735709912,0.9312836854
2026-01-20,1.2005873437,1.0730716941,0.9282190487
2026-01-21,1.2132458225,1.0755276312,0.9290432354
2026-01-22,1.2373986180,1.0840924524,0.9291691255
2026-01-23,1.2493395404,1.0928762722,0.9249970495
2026-01-26,1.2571679392,1.0868887178,0.9258743460
2026-01-27,1.2625149262,1.0831974564,0.9256245328
2026-01-28,1.2879756011,1.0846355925,0.9280439828
2026-01-29,1.2885195308,1.0887417733,0.9351016956
2026-01-30,1.2710868932,1.0796869936,0.9257523899
2026-02-02,1.2114948012,1.0507233246,0.9060112514
2026-02-03,1.2442821982,1.0724317275,0.9166587985
2026-02-04,1.2446840984,1.0835187850,0.9242456430
2026-02-05,1.2167283302,1.0764691289,0.9186868091
2026-02-06,1.2208236191,1.0733750591,0.9134112278
2026-02-09,1.2423806033,1.0912320033,0.9282544553
2026-02-10,1.2494228056,1.0923177329,0.9292851804
2026-02-11,1.2485570715,1.0930905229,0.9272237303
2026-02-12,1.2530882310,1.0943145299,0.9283567410
2026-02-13,1.2373684442,1.0826415844,0.9167178095
2026-02-24,1.2545948431,1.0948894071,0.9259884338
2026-02-25,1.2628545870,1.1063316628,0.9315649711
2026-02-26,1.2654538679,1.1051565146,0.9297907077
2026-02-27,1.2712364013,1.1131868705,0.9266001810
2026-03-02,1.2916755447,1.1096452915,0.9301447736
2026-03-03,1.2687641305,1.0847029181,0.9158306778
2026-03-04,1.2617165877,1.0762115505,0.9053503285
2026-03-05,1.2656743899,1.0836348417,0.9142157441
2026-03-06,1.2592081748,1.0937355574,0.9167237106
2026-03-09,1.2507226924,1.0866745916,0.9078759983
2026-03-10,1.2558506222,1.0969793793,0.9195405012
2026-03-11,1.2537432188,1.0995997331,0.9253904560
2026-03-12,1.2442070050,1.0973131595,0.9220583028
2026-03-13,1.2277386087,1.0872362742,0.9184350289
2026-03-16,1.2229887712,1.0848252811,0.9189110508
2026-03-17,1.2205328007,1.0709851586,0.9121995358
2026-03-18,1.2209984125,1.0761076653,0.9163086667
2026-03-19,1.2175215646,1.0547969697,0.9015401865
2026-03-20,1.2139949396,1.0376051152,0.8983476927
2026-03-23,1.2096326087,0.9946121025,0.8690349738
2026-03-24,1.2116585733,1.0172282610,0.8801919824
2026-03-25,1.2140549506,1.0350959644,0.8925351115
2026-03-26,1.2128288496,1.0213856817,0.8807447185
2026-03-27,1.2146190030,1.0310075423,0.8856701680
2026-03-30,1.2158636586,1.0326824933,0.8835811794
2026-03-31,1.2139148590,1.0200175218,0.8753393131
2026-04-01,1.2152256190,1.0352130598,0.8902926944
2026-04-02,1.2138497579,1.0231711559,0.8810161690
2026-04-03,1.2123031665,1.0073237731,0.8735178410
2026-04-07,1.2143165451,1.0149536880,0.8734844014
2026-04-08,1.2176833327,1.0488302558,0.9039616035
2026-04-09,1.2170146604,1.0387043205,0.8981903301
2026-04-10,1.2172571269,1.0461460988,0.9120284039
2026-04-13,1.2181386032,1.0479034790,0.9139128211
2026-04-14,1.2194836273,1.0576703758,0.9247570715
2026-04-15,1.2185786929,1.0536199195,0.9216039183
2026-04-16,1.2199899258,1.0666855879,0.9317065974
2026-04-17,1.2204854401,1.0654859431,0.9301447736
2026-04-20,1.2206534300,1.0710932110,0.9358039262
2026-04-21,1.2215573573,1.0710886140,0.9378811126
2026-04-22,1.2226787965,1.0755975710,0.9441028365
2026-04-23,1.2239442703,1.0703463881,0.9414866832
2026-04-24,1.2225199425,1.0640806964,0.9381505960
2026-04-27,1.2225575568,1.0659828757,0.9384613872
2026-04-28,1.2235214874,1.0624974650,0.9359553877
2026-04-29,1.2251083102,1.0774422201,0.9462114953
2026-04-30,1.2245155925,1.0785501743,0.9456135174
2026-05-06,1.2260894591,1.0934209054,0.9593394705
2026-05-07,1.2256299684,1.1007228453,0.9639462607
2026-05-08,1.2256643985,1.1027548559,0.9583205476
2026-05-11,1.2271538627,1.1102396512,0.9740430387
2026-05-12,1.2278334892,1.1016162107,0.9732975333
2026-05-13,1.2286858278,1.1088046528,0.9831897400
2026-05-14,1.2275263508,1.0886735466,0.9667178095
2026-05-15,1.2248517285,1.0772955619,0.9558971635
2026-05-18,1.2341010235,1.0723628151,0.9507691097
2026-05-19,1.2436769604,1.0778590661,0.9545772847
2026-05-20,1.2479907268,1.0713988999,0.9541484716
2026-05-21,1.1985457411,1.0468746261,0.9408513317
2026-05-22,1.2325002614,1.0580742700,0.9530469334
2026-05-25,1.2540808028,1.0617658129,0.9680947323
2026-05-26,1.2407076512,1.0565933998,0.9732581927
2026-05-27,1.2473086373,1.0425754175,0.9654530076
2026-05-28,1.2677796544,1.0440226553,0.9666410952
2026-05-29,1.2388495528,1.0358145777,0.9622959204
2026-06-01,1.2363798814,1.0412685769,0.9528817027
2026-06-02,1.2517774488,1.0374609450,0.9667099414
