date,combined_equity
2021-12-13,1.000000
2021-12-14,1.000000
2021-12-15,1.000000
2021-12-16,1.000000
2021-12-17,1.000000
2021-12-20,1.000000
2021-12-21,1.000000
2021-12-22,1.000000
2021-12-23,1.000000
2021-12-24,1.000000
2021-12-27,1.000000
2021-12-28,1.000000
2021-12-29,1.000000
2021-12-30,1.000000
2021-12-31,1.000000
2022-01-04,1.000000
2022-01-05,1.000000
2022-01-06,1.000000
2022-01-07,1.000000
2022-01-10,1.000000
2022-01-11,1.000000
2022-01-12,1.000000
2022-01-13,1.000000
2022-01-14,1.000000
2022-01-17,1.000000
2022-01-18,1.000000
2022-01-19,1.000000
2022-01-20,1.000000
2022-01-21,1.000000
2022-01-24,1.000000
2022-01-25,1.000000
2022-01-26,1.000000
2022-01-27,1.000000
2022-01-28,1.000000
2022-02-07,1.000000
2022-02-08,1.000000
2022-02-09,1.000000
2022-02-10,1.000000
2022-02-11,1.000000
2022-02-14,1.000000
2022-02-15,1.000000
2022-02-16,1.000000
2022-02-17,1.000000
2022-02-18,1.000000
2022-02-21,1.000000
2022-02-22,1.000000
2022-02-23,1.000000
2022-02-24,1.000000
2022-02-25,1.000000
2022-02-28,1.000000
2022-03-01,1.000000
2022-03-02,1.000000
2022-03-04,1.000000
2022-03-07,1.000000
2022-03-08,1.000000
2022-03-09,1.000000
2022-03-10,1.000000
2022-03-11,1.000000
2022-03-14,1.000000
2022-03-15,1.000000
2022-03-16,1.000000
2022-03-17,1.000000
2022-03-18,1.000000
2022-03-21,1.000000
2022-03-22,1.000000
2022-03-24,1.000000
2022-03-25,1.000000
2022-03-28,1.000000
2022-03-29,1.000000
2022-03-30,1.000000
2022-04-01,1.000000
2022-04-06,1.000000
2022-04-07,1.000000
2022-04-08,1.000000
2022-04-11,1.000000
2022-04-12,1.000000
2022-04-13,1.000000
2022-04-15,1.000000
2022-04-18,1.000000
2022-04-19,1.000000
2022-04-20,1.000000
2022-04-21,1.000000
2022-04-22,1.000000
2022-04-25,1.000000
2022-04-26,1.000000
2022-04-27,1.000000
2022-04-28,1.000000
2022-04-29,1.000000
2022-05-06,1.000000
2022-05-10,1.000000
2022-05-11,1.000000
2022-05-12,1.000000
2022-05-13,1.000000
2022-05-16,1.000000
2022-05-17,1.000000
2022-05-18,1.000000
2022-05-19,1.000000
2022-05-20,1.000000
2022-05-23,1.000000
2022-05-24,1.000000
2022-05-25,1.000000
2022-05-26,1.000000
2022-05-27,1.000000
2022-05-30,1.000000
2022-05-31,1.000000
2022-06-01,1.000000
2022-06-02,1.000000
2022-06-06,1.000000
2022-06-07,1.000000
2022-06-08,1.000000
2022-06-09,1.000000
2022-06-10,1.000000
2022-06-13,1.000000
2022-06-14,1.000000
2022-06-15,1.000000
2022-06-16,1.000000
2022-06-17,1.000000
2022-06-20,1.000000
2022-06-21,1.000000
2022-06-22,1.000000
2022-06-23,1.000000
2022-06-24,0.999422
2022-06-27,1.009061
2022-06-28,1.016201
2022-06-29,1.003359
2022-06-30,1.007469
2022-07-01,1.009224
2022-07-04,1.014406
2022-07-05,1.017283
2022-07-06,1.004504
2022-07-07,1.008604
2022-07-08,1.003701
2022-07-11,0.991451
2022-07-12,0.986103
2022-07-13,0.988663
2022-07-14,0.990797
2022-07-15,0.984372
2022-07-18,0.998960
2022-07-19,0.999900
2022-07-20,1.004694
2022-07-21,0.996730
2022-07-22,0.994913
2022-07-25,0.987492
2022-07-26,0.991952
2022-07-27,0.996216
2022-07-28,0.998092
2022-07-29,0.995491
2022-08-01,0.998495
2022-08-02,0.983693
2022-08-03,0.979229
2022-08-04,0.980803
2022-08-05,0.983763
2022-08-08,0.989506
2022-08-09,0.991678
2022-08-10,0.991132
2022-08-11,0.998247
2022-08-12,0.995345
2022-08-15,0.998718
2022-08-16,1.002403
2022-08-17,1.006599
2022-08-18,1.005939
2022-08-19,0.999715
2022-08-22,1.003694
2022-08-23,1.002618
2022-08-24,0.986108
2022-08-25,0.986575
2022-08-26,0.982336
2022-08-29,0.983820
2022-08-30,0.982237
2022-08-31,0.972454
2022-09-01,0.968707
2022-09-02,0.971514
2022-09-05,0.973100
2022-09-06,0.979060
2022-09-07,0.981495
2022-09-08,0.979894
2022-09-09,0.983452
2022-09-13,0.987417
2022-09-14,0.983758
2022-09-15,0.970566
2022-09-16,0.960948
2022-09-19,0.953366
2022-09-20,0.959261
2022-09-21,0.961911
2022-09-22,0.962871
2022-09-23,0.957189
2022-09-26,0.945552
2022-09-27,0.952929
2022-09-28,0.944142
2022-09-29,0.942756
2022-09-30,0.941062
2022-10-10,0.937108
2022-10-11,0.941053
2022-10-12,0.948395
2022-10-13,0.944454
2022-10-14,0.949922
2022-10-17,0.951889
2022-10-18,0.953773
2022-10-19,0.947177
2022-10-20,0.945266
2022-10-21,0.946940
2022-10-24,0.935525
2022-10-25,0.932231
2022-10-26,0.931853
2022-10-27,0.934133
2022-10-28,0.922202
2022-10-31,0.911829
2022-11-01,0.922746
2022-11-02,0.928458
2022-11-03,0.925963
2022-11-04,0.939153
2022-11-07,0.944164
2022-11-08,0.942306
2022-11-09,0.941858
2022-11-10,0.942530
2022-11-11,0.955340
2022-11-14,0.953728
2022-11-15,0.959527
2022-11-16,0.957993
2022-11-17,0.955453
2022-11-18,0.950420
2022-11-21,0.945832
2022-11-22,0.944191
2022-11-23,0.941713
2022-11-24,0.941260
2022-11-25,0.940347
2022-11-28,0.939449
2022-11-29,0.947373
2022-11-30,0.948060
2022-12-01,0.951673
2022-12-02,0.952071
2022-12-05,0.958467
2022-12-06,0.957415
2022-12-07,0.958292
2022-12-08,0.957211
2022-12-09,0.955726
2022-12-12,0.955090
2022-12-13,0.954594
2022-12-14,0.954541
2022-12-15,0.953399
2022-12-16,0.952553
2022-12-19,0.943190
2022-12-20,0.936905
2022-12-21,0.936553
2022-12-22,0.934162
2022-12-23,0.936021
2022-12-26,0.942414
2022-12-27,0.943161
2022-12-28,0.940726
2022-12-29,0.940160
2022-12-30,0.944238
2023-01-03,0.950976
2023-01-04,0.953200
2023-01-05,0.958109
2023-01-06,0.953967
2023-01-09,0.956052
2023-01-10,0.956129
2023-01-11,0.950655
2023-01-12,0.949043
2023-01-13,0.953528
2023-01-16,0.959954
2023-01-17,0.956745
2023-01-18,0.953864
2023-01-19,0.956510
2023-01-20,0.958725
2023-01-30,0.963657
2023-01-31,0.955533
2023-02-01,0.965209
2023-02-02,0.967730
2023-02-03,0.967164
2023-02-06,0.959713
2023-02-07,0.963185
2023-02-08,0.953699
2023-02-09,0.971122
2023-02-10,0.976558
2023-02-13,0.995810
2023-02-14,0.990097
2023-02-15,0.991563
2023-02-16,0.987323
2023-02-17,0.977232
2023-02-20,0.996476
2023-02-21,0.989723
2023-02-22,0.988541
2023-02-23,0.979500
2023-02-24,0.974762
2023-02-27,0.972275
2023-02-28,0.979217
2023-03-01,0.988228
2023-03-02,0.989775
2023-03-03,0.985854
2023-03-06,0.984674
2023-03-07,0.964612
2023-03-08,0.967289
2023-03-09,0.961951
2023-03-10,0.948822
2023-03-13,0.958726
2023-03-14,0.950231
2023-03-15,0.942957
2023-03-16,0.941161
2023-03-17,0.942505
2023-03-20,0.934478
2023-03-21,0.952853
2023-03-22,0.968724
2023-03-23,0.982320
2023-03-24,0.986189
2023-03-27,0.990394
2023-03-28,0.982234
2023-03-29,0.979649
2023-03-30,0.966827
2023-03-31,0.986704
2023-04-03,1.012603
2023-04-04,1.016509
2023-04-06,1.013096
2023-04-07,1.027409
2023-04-10,1.003893
2023-04-11,1.008555
2023-04-12,1.029958
2023-04-13,1.012082
2023-04-14,1.012883
2023-04-17,1.006112
2023-04-18,1.014684
2023-04-19,1.012575
2023-04-20,1.033365
2023-04-21,0.994761
2023-04-24,1.003952
2023-04-25,0.999434
2023-04-26,0.984914
2023-04-27,0.966120
2023-04-28,1.003041
2023-05-04,1.009999
2023-05-05,1.000349
2023-05-08,1.007275
2023-05-09,0.992629
2023-05-10,0.988052
2023-05-11,0.991033
2023-05-12,0.973403
2023-05-15,0.971682
2023-05-16,0.949988
2023-05-17,0.953788
2023-05-18,0.973876
2023-05-19,0.967262
2023-05-22,0.959183
2023-05-23,0.949952
2023-05-24,0.945262
2023-05-25,0.944068
2023-05-26,0.947257
2023-05-29,0.950657
2023-05-30,0.955582
2023-05-31,0.953740
2023-06-01,0.955378
2023-06-02,0.958801
2023-06-05,0.960431
2023-06-06,0.953715
2023-06-07,0.955922
2023-06-08,0.959560
2023-06-09,0.965346
2023-06-12,0.964230
2023-06-13,0.965810
2023-06-14,0.966909
2023-06-15,0.969387
2023-06-16,0.976156
2023-06-19,0.973825
2023-06-20,0.972570
2023-06-21,0.961297
2023-06-26,0.951646
2023-06-27,0.959350
2023-06-28,0.957595
2023-06-29,0.959532
2023-06-30,0.963636
2023-07-03,0.965859
2023-07-04,0.964939
2023-07-05,0.961658
2023-07-06,0.959682
2023-07-07,0.959461
2023-07-10,0.960431
2023-07-11,0.962270
2023-07-12,0.955560
2023-07-13,0.963394
2023-07-14,0.965753
2023-07-17,0.962681
2023-07-18,0.958489
2023-07-19,0.959456
2023-07-20,0.950537
2023-07-21,0.948322
2023-07-24,0.948499
2023-07-25,0.953523
2023-07-26,0.949596
2023-07-27,0.947758
2023-07-28,0.951366
2023-07-31,0.956953
2023-08-01,0.957931
2023-08-02,0.955858
2023-08-03,0.954810
2023-08-04,0.956706
2023-08-07,0.955645
2023-08-08,0.952387
2023-08-09,0.946125
2023-08-10,0.946978
2023-08-11,0.936791
2023-08-14,0.937636
2023-08-15,0.935283
2023-08-16,0.928385
2023-08-17,0.933383
2023-08-18,0.926554
2023-08-21,0.921916
2023-08-22,0.925902
2023-08-23,0.917053
2023-08-24,0.917066
2023-08-25,0.912454
2023-08-28,0.920874
2023-08-29,0.931395
2023-08-30,0.930815
2023-08-31,0.923952
2023-09-01,0.925644
2023-09-04,0.933046
2023-09-05,0.927925
2023-09-06,0.931268
2023-09-07,0.924244
2023-09-11,0.928427
2023-09-12,0.928349
2023-09-13,0.923936
2023-09-14,0.920399
2023-09-15,0.919231
2023-09-18,0.919880
2023-09-19,0.921189
2023-09-20,0.919167
2023-09-21,0.915090
2023-09-22,0.918614
2023-09-25,0.915010
2023-09-26,0.912206
2023-09-27,0.911872
2023-09-28,0.912609
2023-10-09,0.909617
2023-10-10,0.905909
2023-10-11,0.902379
2023-10-12,0.906595
2023-10-13,0.903406
2023-10-16,0.905433
2023-10-17,0.907600
2023-10-18,0.902055
2023-10-19,0.893188
2023-10-20,0.890667
2023-10-23,0.883926
2023-10-24,0.889687
2023-10-25,0.893556
2023-10-26,0.895377
2023-10-27,0.900994
2023-10-30,0.901603
2023-10-31,0.902836
2023-11-01,0.903790
2023-11-02,0.901945
2023-11-03,0.904166
2023-11-06,0.907916
2023-11-07,0.907373
2023-11-08,0.906113
2023-11-09,0.907030
2023-11-10,0.906369
2023-11-13,0.905757
2023-11-14,0.906011
2023-11-15,0.909164
2023-11-16,0.906328
2023-11-17,0.905898
2023-11-20,0.907929
2023-11-21,0.906548
2023-11-22,0.901501
2023-11-23,0.907263
2023-11-24,0.904624
2023-11-27,0.905755
2023-11-28,0.909139
2023-11-29,0.906654
2023-11-30,0.906253
2023-12-01,0.905015
2023-12-04,0.903665
2023-12-05,0.895167
2023-12-06,0.895520
2023-12-07,0.894080
2023-12-08,0.894242
2023-12-11,0.900403
2023-12-12,0.902001
2023-12-13,0.898004
2023-12-14,0.896814
2023-12-15,0.892147
2023-12-18,0.888232
2023-12-19,0.886236
2023-12-20,0.881555
2023-12-21,0.883788
2023-12-22,0.876334
2023-12-25,0.874439
2023-12-26,0.869848
2023-12-27,0.872689
2023-12-28,0.875896
2023-12-29,0.881399
2024-01-02,0.884802
2024-01-03,0.887111
2024-01-04,0.886610
2024-01-05,0.879917
2024-01-08,0.871815
2024-01-09,0.873505
2024-01-10,0.868452
2024-01-11,0.872592
2024-01-12,0.871851
2024-01-15,0.870976
2024-01-16,0.870909
2024-01-17,0.862281
2024-01-18,0.858921
2024-01-19,0.854694
2024-01-22,0.837149
2024-01-23,0.840653
2024-01-24,0.850539
2024-01-25,0.864329
2024-01-26,0.868012
2024-01-29,0.863781
2024-01-30,0.854706
2024-01-31,0.846957
2024-02-01,0.839658
2024-02-02,0.831226
2024-02-05,0.818110
2024-02-06,0.827646
2024-02-07,0.831744
2024-02-08,0.842221
2024-02-19,0.850727
2024-02-20,0.853361
2024-02-21,0.857945
2024-02-22,0.862637
2024-02-23,0.862196
2024-02-26,0.858350
2024-02-27,0.861008
2024-02-28,0.856953
2024-02-29,0.861542
2024-03-01,0.863727
2024-03-04,0.866305
2024-03-05,0.868490
2024-03-06,0.867718
2024-03-07,0.869771
2024-03-08,0.870783
2024-03-11,0.869503
2024-03-12,0.865357
2024-03-13,0.864094
2024-03-14,0.864764
2024-03-15,0.865146
2024-03-18,0.863820
2024-03-19,0.862512
2024-03-20,0.864746
2024-03-21,0.862957
2024-03-22,0.862414
2024-03-25,0.863266
2024-03-26,0.860216
2024-03-27,0.858960
2024-03-28,0.863804
2024-03-29,0.872628
2024-04-01,0.878428
2024-04-02,0.882274
2024-04-03,0.890497
2024-04-08,0.886004
2024-04-09,0.883455
2024-04-10,0.885876
2024-04-11,0.889103
2024-04-12,0.889308
2024-04-15,0.902640
2024-04-16,0.897987
2024-04-17,0.910340
2024-04-18,0.914918
2024-04-19,0.919250
2024-04-22,0.903069
2024-04-23,0.887615
2024-04-24,0.893304
2024-04-25,0.897343
2024-04-26,0.903329
2024-04-29,0.903657
2024-04-30,0.904560
2024-05-06,0.911921
2024-05-07,0.912442
2024-05-08,0.908667
2024-05-09,0.916433
2024-05-10,0.922087
2024-05-13,0.920915
2024-05-14,0.919537
2024-05-15,0.913946
2024-05-16,0.913484
2024-05-17,0.921055
2024-05-20,0.932399
2024-05-21,0.922463
2024-05-22,0.916568
2024-05-23,0.901261
2024-05-24,0.897616
2024-05-27,0.907471
2024-05-28,0.900001
2024-05-29,0.907078
2024-05-30,0.898179
2024-05-31,0.895700
2024-06-03,0.891891
2024-06-04,0.894400
2024-06-05,0.882225
2024-06-06,0.879705
2024-06-07,0.879709
2024-06-11,0.873996
2024-06-12,0.878334
2024-06-13,0.869461
2024-06-14,0.873937
2024-06-17,0.869330
2024-06-18,0.875814
2024-06-19,0.868399
2024-06-20,0.868365
2024-06-21,0.866104
2024-06-24,0.861580
2024-06-25,0.861165
2024-06-26,0.861724
2024-06-27,0.858118
2024-06-28,0.862575
2024-07-01,0.875254
2024-07-02,0.876560
2024-07-03,0.870610
2024-07-04,0.867821
2024-07-05,0.863047
2024-07-08,0.860811
2024-07-09,0.863807
2024-07-10,0.852133
2024-07-11,0.854208
2024-07-12,0.851007
2024-07-15,0.856573
2024-07-16,0.856006
2024-07-17,0.849628
2024-07-18,0.851605
2024-07-19,0.852525
2024-07-22,0.851075
2024-07-23,0.844482
2024-07-24,0.841654
2024-07-25,0.839323
2024-07-26,0.842587
2024-07-29,0.844016
2024-07-30,0.842647
2024-07-31,0.851982
2024-08-01,0.852552
2024-08-02,0.845618
2024-08-05,0.835921
2024-08-06,0.835452
2024-08-07,0.836273
2024-08-08,0.835299
2024-08-09,0.833462
2024-08-12,0.831728
2024-08-13,0.833943
2024-08-14,0.831745
2024-08-15,0.835845
2024-08-16,0.833926
2024-08-19,0.835657
2024-08-20,0.830612
2024-08-21,0.828741
2024-08-22,0.826972
2024-08-23,0.827200
2024-08-26,0.827247
2024-08-27,0.822607
2024-08-28,0.821771
2024-08-29,0.820379
2024-08-30,0.826056
2024-09-02,0.818855
2024-09-03,0.818607
2024-09-04,0.815972
2024-09-05,0.817810
2024-09-06,0.813921
2024-09-09,0.809660
2024-09-10,0.809729
2024-09-11,0.803334
2024-09-12,0.803442
2024-09-13,0.803193
2024-09-18,0.804575
2024-09-19,0.810991
2024-09-20,0.811730
2024-09-23,0.814609
2024-09-24,0.832521
2024-09-25,0.841001
2024-09-26,0.860260
2024-09-27,0.876205
2024-09-30,0.917111
2024-10-08,0.943219
2024-10-09,0.905060
2024-10-10,0.909740
2024-10-11,0.899029
2024-10-14,0.910660
2024-10-15,0.898680
2024-10-16,0.899868
2024-10-17,0.893388
2024-10-18,0.904703
2024-10-21,0.912029
2024-10-22,0.912816
2024-10-23,0.916836
2024-10-24,0.909860
2024-10-25,0.922652
2024-10-28,0.928546
2024-10-29,0.923642
2024-10-30,0.923836
2024-10-31,0.933874
2024-11-01,0.915996
2024-11-04,0.930716
2024-11-05,0.957363
2024-11-06,0.956247
2024-11-07,0.979505
2024-11-08,0.977593
2024-11-11,0.992269
2024-11-12,0.981991
2024-11-13,0.985431
2024-11-14,0.970326
2024-11-15,0.948947
2024-11-18,0.936459
2024-11-19,0.946042
2024-11-20,0.954561
2024-11-21,0.957794
2024-11-22,0.934923
2024-11-25,0.933411
2024-11-26,0.930274
2024-11-27,0.945316
2024-11-28,0.944739
2024-11-29,0.957627
2024-12-02,0.969645
2024-12-03,0.970709
2024-12-04,0.959833
2024-12-05,0.968207
2024-12-06,0.978022
2024-12-09,0.968954
2024-12-10,0.977142
2024-12-11,0.981881
2024-12-12,0.990673
2024-12-13,0.972391
2024-12-16,0.969543
2024-12-17,0.944583
2024-12-18,0.946466
2024-12-19,0.947662
2024-12-20,0.951252
2024-12-23,0.922523
2024-12-24,0.929966
2024-12-25,0.919686
2024-12-26,0.931666
2024-12-27,0.934311
2024-12-30,0.931268
2024-12-31,0.911838
2025-01-02,0.900543
2025-01-03,0.870236
2025-01-06,0.864817
2025-01-07,0.882110
2025-01-08,0.885176
2025-01-09,0.885121
2025-01-10,0.865334
2025-01-13,0.868148
2025-01-14,0.894964
2025-01-15,0.889673
2025-01-16,0.899141
2025-01-17,0.893765
2025-01-20,0.900183
2025-01-21,0.898697
2025-01-22,0.890698
2025-01-23,0.889034
2025-01-24,0.894551
2025-01-27,0.885278
2025-02-05,0.878229
2025-02-06,0.885901
2025-02-07,0.896892
2025-02-10,0.908209
2025-02-11,0.910094
2025-02-12,0.915500
2025-02-13,0.913402
2025-02-14,0.909374
2025-02-17,0.915385
2025-02-18,0.895333
2025-02-19,0.913601
2025-02-20,0.915788
2025-02-21,0.930350
2025-02-24,0.930578
2025-02-25,0.928757
2025-02-26,0.935742
2025-02-27,0.933685
2025-02-28,0.904512
2025-03-03,0.904034
2025-03-04,0.909163
2025-03-05,0.915851
2025-03-06,0.931859
2025-03-07,0.929527
2025-03-10,0.928936
2025-03-11,0.929245
2025-03-12,0.930789
2025-03-13,0.915902
2025-03-14,0.931292
2025-03-17,0.935178
2025-03-18,0.936941
2025-03-19,0.932578
2025-03-20,0.929853
2025-03-21,0.911197
2025-03-24,0.906900
2025-03-25,0.897035
2025-03-26,0.899921
2025-03-27,0.897554
2025-03-28,0.891214
2025-03-31,0.886307
2025-04-01,0.884922
2025-04-02,0.886140
2025-04-03,0.873565
2025-04-07,0.796472
2025-04-08,0.792354
2025-04-09,0.809184
2025-04-10,0.825884
2025-04-11,0.838065
2025-04-14,0.845569
2025-04-15,0.841752
2025-04-16,0.833334
2025-04-17,0.834162
2025-04-18,0.831371
2025-04-21,0.832327
2025-04-22,0.832500
2025-04-23,0.830793
2025-04-24,0.832199
2025-04-25,0.832974
2025-04-28,0.832123
2025-04-29,0.831850
2025-04-30,0.830169
2025-05-06,0.832960
2025-05-07,0.834984
2025-05-08,0.835947
2025-05-09,0.836782
2025-05-12,0.837405
2025-05-13,0.838516
2025-05-14,0.840912
2025-05-15,0.841364
2025-05-16,0.838793
2025-05-19,0.838926
2025-05-20,0.844779
2025-05-21,0.842536
2025-05-22,0.837207
2025-05-23,0.829806
2025-05-26,0.831584
2025-05-27,0.833117
2025-05-28,0.832120
2025-05-29,0.834548
2025-05-30,0.831965
2025-06-03,0.840034
2025-06-04,0.845076
2025-06-05,0.838572
2025-06-06,0.834447
2025-06-09,0.838908
2025-06-10,0.836099
2025-06-11,0.838243
2025-06-12,0.836811
2025-06-13,0.829372
2025-06-16,0.827747
2025-06-17,0.825454
2025-06-18,0.821590
2025-06-19,0.812666
2025-06-20,0.812753
2025-06-23,0.817708
2025-06-24,0.822924
2025-06-25,0.826149
2025-06-26,0.824169
2025-06-27,0.820991
2025-06-30,0.824827
2025-07-01,0.831880
2025-07-02,0.829855
2025-07-03,0.834054
2025-07-04,0.834322
2025-07-07,0.834624
2025-07-08,0.837292
2025-07-09,0.839164
2025-07-10,0.841289
2025-07-11,0.839860
2025-07-14,0.842604
2025-07-15,0.835290
2025-07-16,0.834596
2025-07-17,0.843949
2025-07-18,0.846552
2025-07-21,0.846592
2025-07-22,0.844353
2025-07-23,0.842179
2025-07-24,0.846175
2025-07-25,0.843783
2025-07-28,0.851143
2025-07-29,0.854494
2025-07-30,0.851694
2025-07-31,0.848476
2025-08-01,0.843736
2025-08-04,0.852483
2025-08-05,0.863291
2025-08-06,0.871307
2025-08-07,0.871960
2025-08-08,0.872593
2025-08-11,0.876236
2025-08-12,0.875826
2025-08-13,0.895054
2025-08-14,0.883237
2025-08-15,0.890669
2025-08-18,0.911716
2025-08-19,0.912624
2025-08-20,0.917521
2025-08-21,0.918248
2025-08-22,0.937345
2025-08-25,0.959894
2025-08-26,0.957140
2025-08-27,0.947490
2025-08-28,0.972182
2025-08-29,0.974032
2025-09-01,0.997027
2025-09-02,0.969714
2025-09-03,0.967830
2025-09-04,0.929346
2025-09-05,0.958338
2025-09-08,0.959069
2025-09-09,0.944966
2025-09-10,0.953434
2025-09-11,0.992792
2025-09-12,0.986757
2025-09-15,0.979515
2025-09-16,0.992772
2025-09-17,1.002021
2025-09-18,0.994414
2025-09-19,0.993842
2025-09-22,1.005331
2025-09-23,0.999636
2025-09-24,1.009921
2025-09-25,1.013810
2025-09-26,0.995206
2025-09-29,1.011138
2025-09-30,1.010184
2025-10-09,1.024006
2025-10-10,0.999469
2025-10-13,0.998214
2025-10-14,0.969718
2025-10-15,0.982655
2025-10-16,0.980672
2025-10-17,0.946938
2025-10-20,0.961758
2025-10-21,0.989247
2025-10-22,0.983355
2025-10-23,0.979896
2025-10-24,1.010841
2025-10-27,1.031226
2025-10-28,1.027619
2025-10-29,1.047549
2025-10-30,1.032696
2025-10-31,1.010357
2025-11-03,1.013004
2025-11-04,0.998257
2025-11-05,1.006049
2025-11-06,1.027392
2025-11-07,1.025158
2025-11-10,1.019393
2025-11-11,1.008288
2025-11-12,1.002007
2025-11-13,1.016812
2025-11-14,0.997575
2025-11-17,0.999692
2025-11-18,0.989086
2025-11-19,0.989929
2025-11-20,0.983447
2025-11-21,0.945543
2025-11-24,0.948068
2025-11-25,0.966488
2025-11-26,0.980534
2025-11-27,0.981518
2025-11-28,0.988462
2025-12-01,1.002922
2025-12-02,0.998484
2025-12-03,0.992204
2025-12-04,0.995484
2025-12-05,1.005351
2025-12-08,1.025839
2025-12-09,1.028956
2025-12-10,1.029374
2025-12-11,1.022372
2025-12-12,1.028276
2025-12-15,1.024058
2025-12-16,1.013483
2025-12-17,1.024824
2025-12-18,1.021350
2025-12-19,1.024438
2025-12-22,1.033100
2025-12-23,1.033386
2025-12-24,1.037028
2025-12-25,1.038240
2025-12-26,1.041471
2025-12-29,1.036929
2025-12-30,1.037714
2025-12-31,1.034723
2026-01-05,1.046344
2026-01-06,1.054885
2026-01-07,1.059252
2026-01-08,1.057376
2026-01-09,1.062897
2026-01-12,1.083932
2026-01-13,1.066388
2026-01-14,1.072419
2026-01-15,1.069066
2026-01-16,1.059391
2026-01-19,1.066897
2026-01-20,1.054933
2026-01-21,1.062956
2026-01-22,1.086183
2026-01-23,1.091051
2026-01-26,1.092481
2026-01-27,1.101040
2026-01-28,1.113419
2026-01-29,1.112270
2026-01-30,1.110193
2026-02-02,1.073987
2026-02-03,1.097933
2026-02-04,1.096933
2026-02-05,1.077904
2026-02-06,1.076893
2026-02-09,1.094385
2026-02-10,1.097333
2026-02-11,1.103152
2026-02-12,1.108420
2026-02-13,1.090675
2026-02-24,1.114702
2026-02-25,1.128978
2026-02-26,1.130337
2026-02-27,1.140799
2026-03-02,1.172138
2026-03-03,1.147484
2026-03-04,1.141299
2026-03-05,1.140173
2026-03-06,1.131372
2026-03-09,1.122896
2026-03-10,1.123362
2026-03-11,1.121209
2026-03-12,1.112046
2026-03-13,1.092355
2026-03-16,1.083486
2026-03-17,1.066448
2026-03-18,1.066340
2026-03-19,1.043546
2026-03-20,1.021715
2026-03-23,0.994159
2026-03-24,1.007504
2026-03-25,1.021334
2026-03-26,1.013104
2026-03-27,1.025450
2026-03-30,1.034979
2026-03-31,1.020987
2026-04-01,1.029569
2026-04-02,1.023373
2026-04-03,1.012115
2026-04-07,1.025768
2026-04-08,1.047219
2026-04-09,1.044637
2026-04-10,1.046197
2026-04-13,1.051485
2026-04-14,1.059392
2026-04-15,1.053706
2026-04-16,1.059783
2026-04-17,1.061732
2026-04-20,1.061664
2026-04-21,1.066800
2026-04-22,1.073119
2026-04-23,1.082953
2026-04-24,1.076515
2026-04-27,1.076461
2026-04-28,1.083927
2026-04-29,1.093798
2026-04-30,1.092384
2026-05-06,1.095320
2026-05-07,1.084161
2026-05-08,1.083832
2026-05-11,1.091216
2026-05-12,1.094331
2026-05-13,1.097667
2026-05-14,1.092565
2026-05-15,1.086482
2026-05-18,1.092462
2026-05-19,1.101053
2026-05-20,1.107003
2026-05-21,1.062791
2026-05-22,1.100030
2026-05-25,1.118811
2026-05-26,1.105668
2026-05-27,1.106568
2026-05-28,1.125481
2026-05-29,1.089917
2026-06-01,1.074135
2026-06-02,1.093595
