fold,rank_by_train,rank_by_test,selected_by_train,selection_metric,train_selection_score,test_selection_score,name,factor_set,enabled_factors,top_k,risk_off_exposure,risk_control,market_score_control,market_score_threshold,train_start,train_end,test_start,test_end,train_final_equity,train_annualized_return,train_max_drawdown,train_sharpe_ratio,train_calmar_ratio,train_monthly_win_rate,train_max_consecutive_losing_months,train_average_turnover,train_total_transaction_cost,train_equal_weight_final_equity,train_excess_return_vs_equal_weight,train_benchmark_final_equity,train_excess_return_vs_benchmark,test_final_equity,test_annualized_return,test_max_drawdown,test_sharpe_ratio,test_calmar_ratio,test_monthly_win_rate,test_max_consecutive_losing_months,test_average_turnover,test_total_transaction_cost,test_equal_weight_final_equity,test_excess_return_vs_equal_weight,test_benchmark_final_equity,test_excess_return_vs_benchmark
1,1,1,true,composite,-0.6791665220,1.5218620579,ret60_ret5_top5_riskoff0,ret60_ret5,ret60;ret5,5,0.000000,false,false,0.000000,2010-01-04,2012-02-03,2012-02-06,2012-08-07,0.9166617906,-0.0426582501,-0.3980085212,-0.0953395759,-0.1071792383,0.3076923077,3.0000000000,0.8900000000,0.0178000000,0.8013752896,0.1438608134,0.7088902278,0.2930941275,1.0596211115,0.1238377459,-0.1201320111,0.6731593771,1.0308471888,0.5714285714,2.0000000000,0.4666666667,0.0028000000,1.0047095454,0.0546541698,0.9538996614,0.1108307869
2,1,1,true,composite,-0.6964916580,1.3591271570,ret60_ret5_top5_riskoff0,ret60_ret5,ret60;ret5,5,0.000000,false,false,0.000000,2010-07-13,2012-08-07,2012-08-08,2013-02-18,0.9440040646,-0.0284569368,-0.3980085212,-0.0034951118,-0.0714983105,0.4230769231,3.0000000000,0.7840000000,0.0196000000,0.9706880006,-0.0274897145,0.9067331160,0.0411046514,1.0708767503,0.1480341615,-0.1601123855,0.8052835200,0.9245640872,0.5714285714,2.0000000000,0.8000000000,0.0048000000,1.0823584792,-0.0106080648,1.1454855866,-0.0651329333
3,1,1,true,composite,-0.9399948895,-0.2467772342,ret60_ret5_top5_riskoff0,ret60_ret5,ret60;ret5,5,0.000000,false,false,0.000000,2011-01-18,2013-02-18,2013-02-19,2013-08-23,0.8703883447,-0.0671826697,-0.3848327784,-0.2097084043,-0.1745762665,0.4230769231,3.0000000000,0.7840000000,0.0196000000,0.8490578385,0.0251225597,0.9193390761,-0.0532455682,0.9994478774,-0.0011127669,-0.1639914804,0.1152554400,-0.0067855168,0.5714285714,2.0000000000,0.8000000000,0.0056000000,0.9907841408,0.0087443231,0.8515495548,0.1736814044
4,1,1,true,composite,-0.9993339424,-2.2531160734,ret60_ret5_top5_riskoff0,ret60_ret5,ret60;ret5,5,0.000000,false,false,0.000000,2011-07-26,2013-08-23,2013-08-26,2014-03-06,0.8403351226,-0.0834605538,-0.3225163021,-0.2767669392,-0.2587793340,0.4230769231,3.0000000000,0.7538461538,0.0196000000,0.8024665868,0.0471901713,0.7680008866,0.0941850944,0.8815087393,-0.2245088062,-0.2155373929,-0.6840731004,-1.0416234656,0.3750000000,3.0000000000,0.8000000000,0.0048000000,0.9925582557,-0.1118821145,0.9306436835,-0.0527967309
5,1,1,true,composite,-0.3997529504,4.8661324032,ret60_ret5_top5_riskoff0,ret60_ret5,ret60;ret5,5,0.000000,false,false,0.000000,2012-02-06,2014-03-06,2014-03-07,2014-09-04,0.9884897284,-0.0057832341,-0.2155373929,0.0980222356,-0.0268316974,0.4615384615,3.0000000000,0.7200000000,0.0180000000,1.0691069061,-0.0754060957,0.8679521786,0.1388757961,1.1312208508,0.2821875673,-0.0793375727,1.6225826002,3.5567960774,0.7142857143,2.0000000000,0.8666666667,0.0052000000,1.1510675988,-0.0172420351,1.1189193676,0.0109940748
6,1,1,true,composite,-0.2338321471,18.9528911497,ret60_ret5_top5_riskoff0,ret60_ret5,ret60;ret5,5,0.000000,false,false,0.000000,2012-08-08,2014-09-04,2014-09-05,2015-03-19,1.0613792565,0.0302936285,-0.2597187535,0.2478860365,0.1166401274,0.5000000000,5.0000000000,0.8160000000,0.0204000000,1.2265169569,-0.1346395575,1.0152440173,0.0454425128,1.5182122828,1.3204185109,-0.0848757224,3.5660306132,15.5570812703,1.0000000000,0.0000000000,0.6000000000,0.0036000000,1.4260134025,0.0646549886,1.5677143300,-0.0315759360
7,1,1,true,composite,1.4457295732,-0.9329936533,ret60_ret5_top5_riskoff0,ret60_ret5,ret60;ret5,5,0.000000,false,false,0.000000,2013-02-19,2015-03-19,2015-03-20,2015-09-22,1.5453812783,0.2436716414,-0.2597187535,1.0241133015,0.9382135023,0.6538461538,5.0000000000,0.7680000000,0.0192000000,1.6525994114,-0.0648784771,1.4297459423,0.0808782404,0.9472198692,-0.1035526008,-0.4798723830,0.0289029556,-0.2157919574,0.4285714286,4.0000000000,0.9714285714,0.0068000000,0.9698911978,-0.0233751256,0.8577957493,0.1042487328
8,1,1,true,composite,0.3823253277,-0.3062595602,ret60_ret5_top5_riskoff0,ret60_ret5,ret60;ret5,5,0.000000,false,false,0.000000,2013-08-26,2015-09-22,2015-09-23,2016-03-31,1.4472430810,0.2034563005,-0.4798723830,0.7370512587,0.4239800158,0.5769230769,5.0000000000,0.8160000000,0.0204000000,1.5988695814,-0.0948335638,1.4296118375,0.0123328885,1.0094426346,0.0191276707,-0.3247340133,0.2400711211,0.0589025785,0.7142857143,1.0000000000,1.0000000000,0.0060000000,1.0411984013,-0.0304992465,0.9862275247,0.0235393044
9,1,1,true,composite,0.6271715073,1.2746690247,ret60_ret5_top5_riskoff0,ret60_ret5,ret60;ret5,5,0.000000,false,false,0.000000,2014-03-07,2016-03-31,2016-04-01,2016-10-13,1.6288488430,0.2768827177,-0.5408292229,0.8890363535,0.5119596093,0.7200000000,4.0000000000,0.8640000000,0.0216000000,1.6570101153,-0.0169952326,1.4841124168,0.0975238969,1.0477144686,0.0985245573,-0.0925246397,0.5642150552,1.0648467003,0.5714285714,2.0000000000,0.9333333333,0.0056000000,1.0784888878,-0.0285347578,1.0250660327,0.0220946117
10,1,1,true,composite,0.3903172990,-0.4560807253,ret60_ret5_top5_riskoff0,ret60_ret5,ret60;ret5,5,0.000000,false,false,0.000000,2014-09-05,2016-10-13,2016-10-14,2017-04-20,1.4989202567,0.2247966633,-0.5408292229,0.7602692277,0.4156518431,0.6923076923,4.0000000000,0.8800000000,0.0220000000,1.5369987063,-0.0247745488,1.3484276884,0.1116059613,0.9937896019,-0.0124806642,-0.1017591878,-0.0330655801,-0.1226490157,0.4285714286,2.0000000000,0.7428571429,0.0052000000,1.0067695353,-0.0128926561,1.0470983257,-0.0509109054
11,1,1,true,composite,-0.7517531174,4.9969896139,ret60_ret5_top5_riskoff0,ret60_ret5,ret60;ret5,5,0.000000,false,false,0.000000,2015-03-20,2017-04-20,2017-04-21,2017-10-26,0.9766082211,-0.0117883497,-0.5408292229,0.1318982017,-0.0217968060,0.5769230769,4.0000000000,0.9076923077,0.0236000000,1.0780556432,-0.0941022133,0.8892710985,0.0982120331,1.0926278872,0.1955290081,-0.0527919005,1.4981412336,3.7037690646,0.5714285714,2.0000000000,0.6666666667,0.0040000000,1.0769710088,0.0145378830,1.1519532478,-0.0514997989
12,1,1,true,composite,0.0205702576,-2.9321638754,ret60_ret5_top5_riskoff0,ret60_ret5,ret60;ret5,5,0.000000,false,false,0.000000,2015-09-23,2017-10-26,2017-10-27,2018-05-04,1.1395736859,0.0676468183,-0.3247340133,0.4021049328,0.2083145452,0.6153846154,2.0000000000,0.8320000000,0.0208000000,1.2086033145,-0.0571152071,1.2238870007,-0.0688897870,0.8803873813,-0.2264962933,-0.1656156943,-1.1783932804,-1.3676016290,0.3750000000,3.0000000000,0.8666666667,0.0052000000,0.8838224501,-0.0038866050,0.9384953145,-0.0619160610
13,1,1,true,composite,-0.3338213951,-4.4023540189,ret60_ret5_top5_riskoff0,ret60_ret5,ret60;ret5,5,0.000000,false,false,0.000000,2016-04-01,2018-05-04,2018-05-07,2018-11-07,0.9963681445,-0.0018211897,-0.1656156943,0.0739395507,-0.0109964803,0.5384615385,3.0000000000,0.8000000000,0.0200000000,1.0284015905,-0.0311487713,1.1715483769,-0.1495288080,0.7281680051,-0.4724557538,-0.3649338436,-2.5135402152,-1.2946339782,0.2857142857,4.0000000000,0.8000000000,0.0056000000,0.7501055792,-0.0292459818,0.8403104697,-0.1334536087
14,1,1,true,composite,-1.9086253366,5.9432950070,ret60_ret5_top5_riskoff0,ret60_ret5,ret60;ret5,5,0.000000,false,false,0.000000,2016-10-14,2018-11-07,2018-11-08,2019-05-17,0.7035867903,-0.1614922773,-0.4328571899,-0.8770071234,-0.3730844285,0.4615384615,3.0000000000,0.7692307692,0.0200000000,0.7278751865,-0.0333689026,0.9746086483,-0.2780827550,1.2342743475,0.5285723278,-0.1207813996,1.7754329785,4.3762725860,0.7142857143,1.0000000000,0.4666666667,0.0028000000,1.1994454401,0.0290375087,1.1357053259,0.0867910182
15,1,1,true,composite,-0.9419873918,4.3388958842,ret60_ret5_top5_riskoff0,ret60_ret5,ret60;ret5,5,0.000000,false,false,0.000000,2017-04-21,2019-05-17,2019-05-20,2019-11-20,0.8779065527,-0.0631545953,-0.4328571899,-0.1974562186,-0.1459016894,0.5000000000,3.0000000000,0.7040000000,0.0176000000,0.8690184871,0.0102277061,1.0524894787,-0.1658761722,1.1142628723,0.2437328988,-0.0760451126,1.3111359985,3.2051093142,1.0000000000,0.0000000000,0.6666666667,0.0040000000,1.0459003656,0.0653623508,1.0801787832,0.0315541183
16,1,1,true,composite,-0.8903296508,0.7075802546,ret60_ret5_top5_riskoff0,ret60_ret5,ret60;ret5,5,0.000000,false,false,0.000000,2017-10-27,2019-11-20,2019-11-21,2020-05-29,0.8761210880,-0.0641096407,-0.4328571899,-0.1838171156,-0.1481080647,0.5769230769,3.0000000000,0.7040000000,0.0176000000,0.8340414297,0.0504527194,0.9716283314,-0.0982960669,1.0480065266,0.0991419875,-0.1801732795,0.4840278639,0.5502591051,0.7142857143,1.0000000000,0.5333333333,0.0032000000,1.0620253693,-0.0132001016,0.9941947758,0.0541259641
17,1,1,true,composite,-0.2800073779,5.1103559163,ret60_ret5_top5_riskoff0,ret60_ret5,ret60;ret5,5,0.000000,false,false,0.000000,2018-05-07,2020-05-29,2020-06-01,2020-12-03,1.0224615694,0.0111907453,-0.3649338436,0.1679562068,0.0306651343,0.6400000000,4.0000000000,0.6240000000,0.0156000000,0.9809618558,0.0423051246,1.0085624343,0.0137811351,1.1919938844,0.4248476778,-0.1129979394,1.6705949713,3.7597825220,0.8571428571,1.0000000000,0.8000000000,0.0056000000,1.2004252363,-0.0070236376,1.2733888310,-0.0639199470
18,1,1,true,composite,2.7083827967,-0.4676348796,ret60_ret5_top5_riskoff0,ret60_ret5,ret60;ret5,5,0.000000,false,false,0.000000,2018-11-08,2020-12-03,2020-12-04,2021-06-11,1.7160243592,0.3106744966,-0.1801732795,1.2572483872,1.7243094951,0.8076923077,1.0000000000,0.6240000000,0.0156000000,1.6143248117,0.0629981939,1.5740498075,0.0901969881,0.9912746306,-0.0175123794,-0.1393085691,0.0225983664,-0.1257092762,0.4285714286,3.0000000000,0.7333333333,0.0044000000,1.0346060717,-0.0418820673,1.0313427768,-0.0388504648
19,1,1,true,composite,1.6201616882,1.0852130796,ret60_ret5_top5_riskoff0,ret60_ret5,ret60;ret5,5,0.000000,false,false,0.000000,2019-05-20,2021-06-11,2021-06-15,2021-12-21,1.4228755016,0.1932617083,-0.1801732795,0.8958462568,1.0726435619,0.7307692308,3.0000000000,0.6880000000,0.0172000000,1.4174252902,0.0038451490,1.4441689540,-0.0147444330,1.0413839315,0.0851843412,-0.1062980776,0.5388296816,0.8013723588,0.7142857143,2.0000000000,0.6000000000,0.0036000000,1.0400224206,0.0013091168,0.9510176984,0.0950205587
20,1,1,true,composite,1.1622269602,-2.2094568071,ret60_ret5_top5_riskoff0,ret60_ret5,ret60;ret5,5,0.000000,false,false,0.000000,2019-11-21,2021-12-21,2021-12-22,2022-07-11,1.3225265706,0.1503311582,-0.1801732795,0.7316242597,0.8343698833,0.6923076923,3.0000000000,0.6720000000,0.0168000000,1.4003791115,-0.0555939033,1.2632378651,0.0469339205,0.8880324770,-0.2128952022,-0.2315267681,-0.8721165008,-0.9195273789,0.3750000000,4.0000000000,0.6285714286,0.0044000000,0.9146895511,-0.0291433022,0.8860849129,0.0021979430
21,1,1,true,composite,0.0198130919,-1.4974081422,ret60_ret5_top5_riskoff0,ret60_ret5,ret60;ret5,5,0.000000,false,false,0.000000,2020-06-01,2022-07-11,2022-07-12,2023-01-12,1.1035747413,0.0506145773,-0.2677681031,0.3368338368,0.1890239229,0.5769230769,4.0000000000,0.6923076923,0.0180000000,1.1805459116,-0.0651996416,1.0965115049,0.0064415524,0.9505415736,-0.0972037002,-0.1507305713,-0.5440153370,-0.6448837777,0.4285714286,3.0000000000,0.5333333333,0.0032000000,0.9743599217,-0.0244451229,0.9314380961,0.0205096588
22,1,1,true,composite,-1.0352078157,-2.2262581162,ret60_ret5_top5_riskoff0,ret60_ret5,ret60;ret5,5,0.000000,false,false,0.000000,2020-12-04,2023-01-12,2023-01-13,2023-07-24,0.8639582224,-0.0706415701,-0.2957764929,-0.2619774126,-0.2388342949,0.4615384615,4.0000000000,0.6240000000,0.0156000000,0.9417666182,-0.0826196154,0.7931175384,0.0893192757,0.9393110906,-0.1185780703,-0.1137615040,-0.9098964803,-1.0423391577,0.4285714286,3.0000000000,0.6000000000,0.0036000000,0.9490492607,-0.0102609743,0.9339384152,0.0057527085
23,1,1,true,composite,-1.1779616860,-4.5332792881,ret60_ret5_top5_riskoff0,ret60_ret5,ret60;ret5,5,0.000000,false,false,0.000000,2021-06-15,2023-07-24,2023-07-25,2024-01-26,0.8373904089,-0.0850710307,-0.2629275737,-0.3917558882,-0.3235530968,0.4230769231,4.0000000000,0.5920000000,0.0148000000,0.8830671708,-0.0517251274,0.7365093989,0.1369717890,0.8163549646,-0.3357246437,-0.2144730320,-2.4771159833,-1.5653466567,0.1428571429,4.0000000000,0.8571428571,0.0060000000,0.8703681882,-0.0620579019,0.8515243466,-0.0413016753
24,1,1,true,composite,-2.2310958433,-0.0363313204,ret60_ret5_top5_riskoff0,ret60_ret5,ret60;ret5,5,0.000000,false,false,0.000000,2021-12-22,2024-01-26,2024-01-29,2024-08-07,0.6610480633,-0.1872858452,-0.3823936336,-1.0718530187,-0.4897723936,0.3076923077,4.0000000000,0.6615384615,0.0172000000,0.7526382548,-0.1216921820,0.6783709266,-0.0255359754,1.0015502416,0.0031277482,-0.1155474295,0.1036073148,0.0270689555,0.5000000000,2.0000000000,0.4666666667,0.0028000000,0.9402404478,0.0652065054,1.0113590964,-0.0096986865
25,1,1,true,composite,-1.8006739072,3.4626620208,ret60_ret5_top5_riskoff0,ret60_ret5,ret60;ret5,5,0.000000,false,false,0.000000,2022-07-12,2024-08-07,2024-08-08,2025-02-19,0.7438592519,-0.1377808949,-0.3456975624,-0.8643139243,-0.3985590583,0.3846153846,4.0000000000,0.6240000000,0.0156000000,0.7717209738,-0.0361033622,0.7746370798,-0.0397319321,1.1591119727,0.3467183875,-0.1325091831,1.1718299198,2.6165612026,0.5714285714,2.0000000000,0.6666666667,0.0040000000,1.1907297188,-0.0265532518,1.1786511275,-0.0165775557
26,1,1,true,composite,-0.8850015354,2.2546024319,ret60_ret5_top5_riskoff0,ret60_ret5,ret60;ret5,5,0.000000,false,false,0.000000,2023-01-13,2025-02-19,2025-02-20,2025-08-21,0.8952907472,-0.0539059774,-0.3349465772,-0.1819051140,-0.1609390304,0.4615384615,4.0000000000,0.6560000000,0.0164000000,0.9357241492,-0.0432108138,0.9670575646,-0.0742115258,1.1101033796,0.2343907664,-0.1577875663,1.1694527766,1.4854831206,0.5714285714,1.0000000000,0.8666666667,0.0052000000,1.1395952292,-0.0258792323,1.0914174451,0.0171207951
27,1,1,true,composite,-0.2032261979,5.6889809389,ret60_ret5_top5_riskoff0,ret60_ret5,ret60;ret5,5,0.000000,false,false,0.000000,2023-07-25,2025-08-21,2025-08-22,2026-03-05,1.0475093414,0.0235262609,-0.2757758522,0.2164482369,0.0853093581,0.5000000000,4.0000000000,0.7200000000,0.0180000000,1.1017228543,-0.0492079407,1.0952588937,-0.0435965895,1.1598807208,0.3485196303,-0.0794368959,1.5067112205,4.3873772540,0.6250000000,2.0000000000,0.6857142857,0.0048000000,1.1091292598,0.0457579318,1.0616011878,0.0925766984
