date,consistency60_hold5d,consistency60_hold10d,consistency60_hold20d,consistency60_hold40d,consistency60_hold60d,ret20_hold5d,ret20_hold10d,ret20_hold20d,ret20_hold40d,ret20_hold60d,ret5_hold5d,ret5_hold10d,ret5_hold20d,ret5_hold40d,ret5_hold60d,ret60_hold5d,ret60_hold10d,ret60_hold20d,ret60_hold40d,ret60_hold60d,vol20_hold5d,vol20_hold10d,vol20_hold20d,vol20_hold40d,vol20_hold60d
2014-08-14,0.146599,0.164855,0.174536,0.237602,0.268305,-0.472906,-0.533114,-0.493158,-0.459223,-0.201423,0.239190,0.317460,0.270936,0.187739,0.123153,0.012589,-0.105638,-0.046524,0.058019,-0.030104,-0.300493,-0.441708,-0.459770,-0.496990,-0.449918
2014-09-12,0.653064,0.692585,0.488071,0.334132,0.055274,0.174603,0.466338,0.345375,-0.031199,-0.066776,0.433498,0.637110,0.482211,0.227696,0.066776,0.241927,0.468528,0.379310,0.035577,-0.137931,-0.359606,0.079365,0.026820,-0.160372,0.049808
2014-10-20,0.271765,0.129650,-0.143778,-0.313874,-0.436320,0.099617,0.177340,-0.120963,-0.043240,-0.230980,-0.006021,0.134100,0.192666,0.200876,0.150520,0.312534,0.238643,-0.141762,-0.164204,-0.344828,0.116037,-0.083196,-0.303777,-0.139026,-0.283525
2014-11-17,0.173809,-0.289222,-0.307127,-0.513163,-0.399953,0.245211,0.524357,0.574165,0.650794,0.492611,-0.178435,0.218938,0.091407,0.221128,0.020252,0.409962,0.253421,0.374384,0.190476,0.290640,0.281883,0.437329,0.602080,0.432950,0.490969
2014-12-15,-0.377523,-0.288241,-0.456335,-0.375594,0.048224,0.593870,0.704981,0.480569,0.276957,0.176793,-0.176793,-0.108922,-0.205802,-0.117132,0.281883,0.577997,0.655172,0.447729,0.249589,0.233169,0.566502,0.576355,0.401204,0.298851,0.158730
2015-01-14,0.056991,0.150401,-0.049485,0.119542,0.368357,-0.675972,-0.802956,-0.749316,-0.733990,-0.534209,0.575260,0.374384,0.564313,0.423098,0.317460,-0.661193,-0.608101,-0.643131,-0.511768,-0.401752,-0.320744,-0.248495,-0.386973,-0.307061,-0.287356
2015-02-11,0.247525,0.393501,0.423028,0.511055,0.477113,0.411604,0.634373,0.672687,0.319650,0.738916,0.009305,-0.047072,-0.072797,-0.152709,0.068966,-0.263820,-0.411604,-0.146141,-0.186645,-0.076628,-0.429666,-0.562671,-0.241927,-0.205255,-0.298851
2015-03-18,0.237109,0.020921,0.176019,0.236830,0.270026,0.517241,0.272578,0.135194,0.458675,0.609743,-0.228243,-0.172961,-0.012042,-0.106185,-0.160372,0.476738,0.385331,0.157088,0.404488,0.320197,-0.164204,-0.224412,-0.235906,-0.051998,-0.202518
2015-04-16,-0.044226,-0.007187,0.356292,0.366795,0.200950,-0.425835,-0.298851,-0.068966,-0.149425,-0.362890,-0.015326,-0.120963,-0.304324,-0.351396,-0.053093,0.035577,0.211275,0.611932,0.545156,0.014778,0.001095,0.168582,0.195950,0.085933,-0.016968
2015-05-15,0.703462,0.592622,0.571062,-0.252638,0.069379,0.571976,0.611385,0.289546,-0.563218,0.014778,0.638205,0.640941,0.482211,-0.532020,0.110016,0.548440,0.483306,0.218938,-0.616311,-0.142310,-0.212917,-0.154899,-0.134100,-0.240832,-0.045977
2015-06-12,-0.156586,-0.325853,-0.526823,-0.185808,-0.101174,0.151615,-0.006021,-0.312534,-0.023536,0.095785,0.447181,0.408320,0.186097,0.256705,0.571429,-0.268199,-0.548440,-0.718664,-0.275862,-0.320197,0.051450,-0.012589,0.000547,0.013136,-0.186097
2015-07-13,0.474617,0.552750,0.639195,0.578240,0.477388,-0.840722,-0.732348,-0.706623,-0.480569,-0.675424,-0.371100,-0.346470,-0.140668,-0.206897,-0.246305,0.037767,0.196497,-0.017515,0.155446,0.124247,-0.154899,-0.243569,0.041598,-0.115490,-0.091407
2015-08-11,0.484692,0.244155,-0.058185,-0.193765,-0.241650,0.277504,0.003284,-0.330049,-0.165846,-0.110016,0.073892,-0.274220,-0.529830,-0.336617,-0.096880,0.313629,0.157088,-0.029557,-0.286262,-0.455391,-0.294472,-0.499179,-0.601533,-0.268199,-0.061303
2015-09-11,0.174947,0.172395,-0.057843,-0.205853,-0.288932,0.263820,0.110016,-0.548440,-0.450465,-0.272031,0.077176,0.146141,0.408867,0.504652,0.561576,0.141215,0.010947,-0.640941,-0.726327,-0.550082,-0.185550,-0.051998,0.530378,0.411604,0.250684
2015-10-16,-0.039575,0.249238,-0.001965,-0.037330,-0.040417,0.083196,0.315271,0.407225,0.220033,-0.272578,0.077723,0.165846,0.111111,0.037219,-0.388068,0.131363,0.236453,0.022441,0.065134,-0.227148,0.077176,0.310892,0.253421,0.190476,-0.218391
2015-11-13,0.402581,0.493514,0.265478,-0.025900,0.088399,0.351943,0.412151,0.453202,-0.137384,0.162014,0.404488,0.449371,0.429119,-0.068966,0.136289,0.199234,0.272031,0.357964,-0.177887,0.099617,0.334975,0.075534,-0.051450,-0.542419,-0.325123
2015-12-11,0.025331,0.379137,0.138218,0.218892,0.199068,0.384236,0.442802,0.029557,0.359606,0.064039,0.121511,0.107280,-0.159278,0.146689,-0.124795,0.446634,0.250684,-0.455391,-0.108922,-0.385878,0.244663,-0.117132,-0.598248,-0.482759,-0.475643
2016-01-11,-0.104279,-0.233663,0.266491,0.352287,0.427876,-0.623426,-0.519978,-0.322934,0.383142,-0.170772,-0.698413,-0.616858,-0.418719,0.350301,-0.258894,-0.117679,-0.281883,0.353038,0.398467,0.232622,0.010400,0.210181,-0.134100,0.007663,0.200328
2016-02-15,-0.648965,-0.127738,-0.211879,-0.482628,-0.031101,-0.489327,-0.513957,-0.531472,-0.371648,-0.140668,-0.012042,-0.722496,-0.668309,-0.242474,-0.469075,-0.552819,0.129721,0.054187,-0.171319,0.248495,0.504105,-0.449371,-0.326765,0.032841,-0.414888
2016-03-14,-0.043880,-0.106606,0.145985,0.305752,0.185364,-0.552819,-0.622332,-0.512315,-0.019157,-0.105090,0.632731,0.581281,0.616311,0.191024,0.209633,-0.747126,-0.640941,-0.585660,0.158183,-0.009305,0.447181,0.255063,0.385878,-0.443350,-0.104543
2016-04-12,0.113923,-0.001400,0.236803,0.066618,0.119241,-0.652983,-0.236453,-0.407225,-0.039409,0.162014,-0.039409,0.070060,-0.356322,-0.374384,-0.221675,-0.044882,0.264915,0.112206,0.324576,0.424193,-0.464149,-0.413793,-0.483306,-0.111658,0.054735
2016-05-13,-0.456376,-0.481653,-0.134163,-0.047776,-0.040277,-0.222770,-0.444444,-0.007663,-0.139026,-0.206897,-0.273673,-0.570334,-0.074439,-0.194308,-0.251232,-0.115490,-0.215107,0.122605,0.002737,-0.016968,0.347017,0.456486,0.410509,0.564313,0.447729
2016-06-14,0.330310,0.268014,0.147020,0.123486,0.135114,0.650794,0.648604,0.493158,0.187192,0.066776,0.053093,-0.183361,-0.111658,-0.118774,-0.179529,0.577997,0.413246,0.308703,-0.027915,-0.178982,0.539683,0.603175,0.450465,0.152709,0.033388
2016-07-13,0.329895,0.004973,-0.271597,-0.104992,-0.129029,-0.119869,-0.438424,-0.396825,-0.469622,-0.333333,-0.344280,-0.126984,-0.133552,-0.217296,-0.160920,-0.056377,-0.223317,-0.445539,-0.408867,-0.466338,-0.206349,-0.707170,-0.570881,-0.649699,-0.569239
2016-08-10,-0.079693,0.007170,0.114439,0.278513,0.058184,0.284072,0.411056,0.317460,0.466886,0.296661,0.139026,0.176245,0.080460,0.230432,0.302682,-0.396278,-0.392994,-0.117679,-0.035577,-0.023536,-0.146689,-0.242474,-0.302135,-0.284072,-0.273125
2016-09-07,0.220635,0.116661,0.150584,-0.016272,-0.071706,0.238095,0.200328,0.151615,-0.040504,-0.025178,0.006568,0.096880,0.100164,0.151067,0.061303,0.006568,0.071702,0.226054,0.106185,0.067323,-0.377668,-0.333881,-0.314724,-0.203065,-0.100712
2016-10-14,-0.043479,-0.111999,0.055312,-0.145572,-0.017612,-0.036125,-0.023536,0.188834,0.020799,0.086481,-0.054187,-0.261631,-0.170224,-0.266010,0.119869,-0.204707,-0.045977,0.020799,0.122058,0.071155,-0.096333,-0.137384,-0.014231,-0.153257,0.024631
2016-11-11,0.281344,-0.215227,-0.312605,-0.130298,-0.194479,-0.168582,0.060208,0.042146,0.073892,0.231527,0.095238,0.237548,0.071155,0.134647,0.245211,0.006021,0.188834,-0.020799,-0.003284,0.113300,-0.126984,0.007663,-0.063492,0.055829,0.169130
2016-12-09,0.320450,0.165962,0.120344,0.158126,0.178276,0.142310,0.125342,0.290093,0.523810,0.416530,0.532567,0.314724,0.370553,0.285714,0.284072,0.134647,-0.054187,0.089217,0.536946,0.212370,-0.157088,-0.257252,-0.140668,0.282978,0.084291
2017-01-09,-0.069423,-0.131683,0.012121,0.079616,0.268325,-0.207444,-0.247400,-0.123153,-0.245758,0.087028,0.103448,0.072250,0.233169,0.026273,0.378763,0.223317,0.338807,0.528736,0.076081,0.451560,-0.641489,-0.401204,-0.300493,0.045977,-0.060208
2017-02-13,0.545742,-0.022866,-0.012948,0.603043,0.277692,0.582375,-0.253421,-0.354680,0.466338,0.472906,0.438424,-0.075534,-0.101806,0.430761,0.307061,0.543514,-0.331691,-0.435687,0.419814,0.197044,-0.401752,0.292830,0.337712,-0.068966,-0.417077
2017-03-13,0.321692,0.329484,0.379574,0.064561,0.018366,0.130816,0.258347,-0.275315,-0.101259,-0.056377,0.163656,0.256158,-0.104543,0.320744,0.356322,-0.025178,0.292830,0.546798,0.149425,0.088670,0.038862,0.056924,0.373837,0.010947,0.051450
2017-04-13,-0.230692,-0.307958,-0.238143,-0.067055,0.075610,-0.259442,-0.389163,-0.311987,-0.192118,-0.091954,-0.656814,-0.691845,-0.619595,-0.428024,-0.287356,-0.047072,-0.159825,-0.058566,0.014231,0.187192,-0.279146,-0.436782,-0.351396,-0.331691,-0.161467
2017-05-12,0.193117,-0.052618,0.041599,0.022590,-0.136367,-0.079365,0.442255,0.499179,0.133552,-0.131910,-0.048714,0.594417,0.605364,0.293924,0.087028,-0.055829,0.366721,0.419814,0.262726,0.070060,-0.014231,-0.281336,-0.319650,0.132458,0.336070
2017-06-13,-0.188077,-0.028170,-0.011323,-0.058550,-0.072635,-0.529283,0.190476,-0.105638,-0.010400,-0.023536,-0.214559,-0.166940,-0.164751,-0.147236,-0.252326,-0.613027,0.064039,-0.110564,-0.016968,-0.111658,0.772852,0.217296,0.468528,0.319650,0.517789
2017-07-11,0.110977,0.265296,0.194072,0.226096,0.145209,0.348112,0.466338,0.407225,0.392994,0.371648,0.639299,0.698960,0.504652,0.162014,0.109469,0.503010,0.262726,0.049261,0.299945,0.442802,0.407225,0.365627,0.203065,0.390257,0.412151
2017-08-09,-0.193372,-0.278024,-0.095165,-0.230442,-0.203331,-0.510673,-0.525999,-0.168582,-0.569787,-0.472906,-0.090312,-0.496442,-0.269294,-0.270936,-0.393541,-0.700055,-0.509031,-0.330049,-0.298851,-0.148331,-0.087575,-0.259989,0.067871,-0.175151,-0.379310
2017-09-06,0.192597,0.099638,-0.117173,-0.136098,-0.307543,-0.125342,-0.261084,-0.280241,-0.151067,-0.234264,0.162562,-0.110564,-0.303777,-0.417625,-0.561576,-0.045977,-0.373290,-0.480569,-0.353585,-0.180077,-0.263273,-0.493706,-0.551724,-0.401204,-0.111658
2017-10-11,-0.283843,-0.016402,-0.282731,-0.454538,-0.356681,0.323481,0.402299,0.423098,0.168582,0.169677,0.304871,0.454844,0.346470,0.112206,0.003284,-0.176245,-0.207991,0.111658,0.014778,0.149973,-0.299945,-0.228790,-0.072250,-0.017515,0.166393
2017-11-08,-0.052489,-0.102767,-0.395874,-0.300842,-0.156637,0.506842,0.598248,0.380952,0.361795,0.323481,0.444992,0.274220,0.036672,-0.060755,-0.113848,0.412151,0.402299,-0.074439,-0.033388,-0.102901,0.168035,-0.157635,-0.223864,0.004926,-0.182266
2017-12-06,0.441154,0.397925,0.256878,0.078698,0.056807,-0.436782,-0.365079,-0.070060,0.490969,0.149973,0.395731,0.313629,-0.244116,-0.060755,-0.026273,0.219485,0.083744,0.087028,0.326218,0.243021,0.399562,-0.034483,0.019704,0.030651,0.101806
2018-01-04,-0.182354,-0.063548,-0.064376,0.015196,-0.129306,0.134647,0.119869,0.149425,0.051998,-0.112753,-0.128079,-0.004926,0.122058,0.036672,-0.247400,0.293377,0.543514,0.551724,0.374384,-0.085933,0.087575,0.055282,0.198686,0.174603,-0.121511
2018-02-01,-0.187924,0.009080,-0.482054,-0.430877,-0.335402,-0.285714,-0.206349,-0.711002,-0.704433,-0.672140,-0.214012,-0.109469,-0.623426,-0.689108,-0.591133,-0.347564,-0.194308,-0.746579,-0.725780,-0.653530,-0.123700,0.145047,-0.137931,-0.029557,-0.128079
2018-03-08,-0.248062,-0.330191,-0.238844,-0.066206,0.206998,0.342638,0.563766,0.610837,0.467980,0.302682,-0.367269,-0.001095,0.013684,-0.002189,0.128079,0.052545,-0.238095,-0.211823,0.008210,0.347017,0.186645,-0.198139,-0.162014,-0.249042,-0.187192
2018-04-09,0.119878,-0.147628,-0.105449,-0.085746,-0.242254,0.183361,-0.516147,-0.077723,-0.048166,-0.276409,0.025178,-0.400657,0.024083,0.153257,0.025178,0.180624,-0.324576,0.210728,0.240832,0.100164,0.154899,-0.018062,-0.205802,-0.373290,-0.350848
2018-05-09,-0.139957,0.352113,-0.176612,-0.312125,-0.283523,0.359059,0.164751,0.553914,0.592775,0.412698,0.485495,0.474001,0.540230,0.334428,0.146141,-0.013136,0.359606,-0.091407,-0.193213,-0.322386,-0.095785,-0.308703,-0.026273,0.158730,-0.061850
2018-06-06,-0.319168,-0.204433,-0.208835,-0.115011,-0.227270,0.256705,0.351396,-0.119869,-0.250684,-0.397920,0.559387,0.430761,-0.038862,-0.054187,0.042146,-0.252326,-0.210728,-0.244663,-0.354132,-0.382047,0.042146,-0.035577,0.067323,-0.078818,0.081007
2018-07-05,0.171701,0.151582,0.071106,-0.106934,0.100044,-0.158183,-0.251779,0.113300,0.226054,0.350301,0.040504,0.089765,-0.010400,0.146141,-0.006021,0.176245,0.059113,-0.043788,-0.234264,0.011494,0.344280,0.254516,-0.352490,0.049261,-0.212917
2018-08-02,-0.212571,-0.321212,-0.121390,-0.061249,-0.196219,0.343733,0.206897,-0.059661,-0.060208,0.096333,0.398467,0.147236,-0.114943,0.082649,0.152709,0.010947,-0.319102,-0.291735,-0.018610,-0.141762,0.127531,0.168582,0.390257,0.129174,0.090312
2018-08-30,0.374156,0.257770,0.216105,0.238327,0.029444,0.454844,0.451013,0.128626,0.103996,0.142310,-0.141762,-0.048166,0.216749,-0.059661,0.011494,0.335523,0.292830,0.253421,0.303229,0.072250,-0.246853,-0.454297,-0.361248,-0.449371,-0.472359
2018-09-28,0.189423,-0.003051,-0.139779,-0.153369,-0.163631,0.507389,0.444444,0.233169,0.055282,0.042146,0.568692,0.296114,0.013136,-0.326765,-0.361795,0.511221,0.472906,0.297756,0.050903,0.015873,-0.093596,-0.066776,-0.154899,-0.388068,-0.431856
2018-11-02,0.035697,-0.195363,-0.067519,-0.114562,0.094084,-0.278599,-0.157635,-0.162014,-0.268747,-0.038314,0.096880,0.321292,0.196497,0.013684,-0.190476,-0.083744,-0.187192,-0.073344,-0.119321,0.058566,-0.115490,0.057471,-0.013136,-0.028462,-0.032293
2018-11-30,0.039488,-0.080081,0.067378,0.160990,0.009113,0.048166,-0.057471,0.318555,-0.064039,0.170224,0.112206,0.026273,0.199234,0.130268,0.293924,-0.176245,-0.215654,-0.033935,0.120416,-0.014231,-0.199781,-0.195950,-0.040504,-0.235359,0.512315
2018-12-28,0.072068,-0.197078,-0.202067,-0.271918,-0.145799,-0.225506,-0.133005,-0.194308,-0.210728,-0.255610,-0.243569,-0.177887,-0.114943,-0.058019,-0.009852,0.307061,-0.032293,-0.134647,0.043788,-0.015326,0.010947,0.249042,-0.077176,0.460865,0.537493
2019-01-29,-0.410334,-0.317892,-0.146252,-0.153979,-0.219378,0.176793,-0.078270,-0.097427,-0.159278,0.135194,-0.002737,-0.284620,-0.249042,-0.234264,0.170772,0.087575,0.079365,0.123700,0.105638,0.179529,0.736180,0.699507,0.446634,0.487685,0.459223
2019-03-05,0.117394,-0.068111,-0.035717,-0.067280,-0.146743,0.657362,0.205802,0.079912,-0.475096,-0.262726,0.339354,0.285714,0.280241,0.009852,0.113300,0.373290,0.032293,-0.028462,-0.262178,-0.107827,0.307061,-0.078818,-0.080460,-0.238643,-0.062945
2019-04-02,0.140969,-0.062745,0.065509,-0.077395,-0.094256,0.008758,-0.274767,-0.087575,-0.079365,-0.021894,0.186645,0.043788,0.202518,0.263273,0.386973,-0.300493,-0.270936,-0.264368,-0.102354,0.035030,-0.517241,-0.399562,-0.452107,-0.336070,-0.353585
2019-05-06,0.042579,-0.206812,-0.276487,-0.156215,-0.234737,-0.465791,-0.503558,-0.197592,-0.051998,0.071702,-0.266010,-0.317460,-0.171866,-0.009305,0.085933,0.083744,0.065134,0.319102,0.425835,0.525999,0.148331,0.207444,0.324576,0.175698,0.250137
2019-06-03,0.124144,0.108903,-0.043229,-0.145758,-0.022446,0.082102,-0.091954,0.199781,0.116037,0.335523,0.270936,0.118227,0.065681,0.084839,0.135742,0.014778,0.144499,0.270936,0.351396,0.281883,0.059661,-0.125889,0.357417,0.115490,0.509031
2019-07-02,-0.127380,-0.418575,-0.259489,0.083159,0.139896,-0.259442,-0.227696,0.037767,0.278051,0.459223,0.136289,0.085933,0.236453,0.322386,0.447729,0.028462,-0.177340,0.169677,0.148331,0.033935,-0.241379,0.038314,0.096333,0.489874,0.707718
2019-07-30,0.395985,0.295466,0.369678,0.318726,0.096642,0.102354,0.143952,-0.055829,-0.175151,0.083196,0.276957,0.241379,0.399015,0.438424,0.517241,0.319650,0.269841,0.325670,0.334975,0.210181,0.276409,0.237548,0.563766,0.599343,0.309250
2019-08-27,-0.045956,0.057513,0.137592,0.038801,0.003853,0.304871,0.044882,0.238095,0.095785,-0.042693,0.167488,-0.174603,-0.140120,0.046524,-0.025178,0.279693,0.080460,0.386426,0.145594,0.134647,0.532567,0.439518,0.491516,0.235359,0.124247
2019-09-25,-0.347207,-0.173329,-0.172230,-0.124160,0.241727,-0.471812,-0.448276,-0.292282,-0.197044,0.276957,-0.468528,-0.238095,-0.105090,-0.048714,0.226601,-0.688560,-0.461959,-0.213465,-0.214559,-0.000547,-0.442255,-0.472359,-0.235906,-0.076628,0.048714
2019-10-30,-0.120423,0.202920,-0.060350,0.045401,0.198767,0.029557,0.259442,-0.005473,-0.186097,-0.224959,-0.053093,0.203065,-0.018062,-0.081007,0.045430,0.066229,0.407772,-0.055829,0.059113,0.184455,-0.080460,0.076628,-0.111111,0.282430,0.411056
2019-11-27,-0.009141,0.192508,0.258155,0.397204,0.464789,-0.154351,-0.020252,0.135742,0.184455,0.075534,-0.172961,-0.226054,-0.152709,-0.151615,-0.245211,-0.270389,0.156541,0.177887,0.195950,0.206349,-0.015873,0.229885,0.160920,0.114943,0.206349
2019-12-25,-0.070395,0.308463,0.577848,0.602514,0.341720,0.020252,0.429666,0.481117,0.402846,0.008758,0.361248,0.325123,0.111658,-0.007115,-0.110016,0.163109,0.064039,0.194308,0.168582,-0.167488,0.072797,0.414888,0.453749,0.495895,0.240832
2020-01-23,0.253649,0.472634,0.509773,-0.007428,-0.042366,0.533662,0.645868,0.741106,0.163656,0.056377,0.296661,0.150520,0.301587,-0.103996,-0.174056,0.228790,0.571429,0.517241,-0.136836,-0.223317,0.169677,0.523810,0.437876,0.096333,0.137931
2020-02-28,-0.013794,-0.319734,-0.370770,-0.437807,-0.404427,0.112206,-0.044882,-0.043240,-0.122058,-0.276409,0.427477,0.345375,0.681445,0.427477,0.150520,-0.116585,-0.305966,-0.436234,-0.452107,-0.437329,-0.225506,-0.082102,-0.514505,-0.448823,-0.349206
2020-03-27,-0.052913,-0.091974,0.053744,-0.071473,0.042385,0.100712,0.360153,0.391899,-0.015873,-0.224959,0.177340,0.263820,0.033388,0.066776,-0.187739,0.111111,-0.003284,0.231527,-0.004379,0.095238,-0.286809,-0.175698,0.048714,0.144499,0.224959
2020-04-27,0.097605,0.125772,-0.189355,0.076690,0.186287,-0.074439,0.025725,0.182266,0.248495,0.398467,-0.384236,-0.339901,0.145594,-0.004926,0.009852,-0.191571,-0.123153,-0.304871,-0.032293,0.020252,0.438424,0.477833,0.064039,0.380405,0.407772
2020-05-28,0.070811,0.150231,0.230484,0.406263,0.462079,0.360153,0.478380,0.399562,0.511768,0.443350,0.060208,-0.008758,-0.163109,-0.110016,-0.147236,-0.072250,-0.071702,0.042146,0.232622,0.337165,0.316366,0.433498,0.619595,0.603722,0.526546
2020-06-29,-0.377708,0.270617,0.272544,0.262358,0.052306,-0.219485,0.492611,0.159825,0.094691,-0.071155,-0.185003,0.435140,0.361795,0.309797,0.097427,-0.174603,0.437876,0.365079,0.335523,0.164204,0.157635,0.276409,-0.091954,-0.101806,-0.261631
2020-07-27,0.626841,0.137619,0.101086,-0.081583,-0.023074,0.338807,0.487685,0.301587,0.186645,-0.022441,0.288998,0.209086,0.062397,0.189929,0.177340,0.538041,0.281336,0.061850,0.116585,0.086481,0.152709,-0.008210,-0.201423,-0.270389,-0.303777
2020-08-24,0.383151,0.328336,-0.063078,0.089797,-0.053162,-0.192118,-0.090859,-0.054735,0.031746,0.059113,0.216749,0.199781,-0.194308,-0.129721,-0.095238,0.082102,0.058566,-0.143404,-0.120963,-0.082649,-0.033935,-0.193213,-0.255063,-0.211823,-0.205255
2020-09-21,-0.025844,0.496863,0.353751,0.277054,0.386264,0.314724,-0.100164,0.311987,0.463054,0.444992,-0.307061,-0.015873,0.042693,0.273673,-0.001095,-0.060208,0.076628,0.024631,0.420361,0.491516,0.180624,0.575807,0.133005,-0.058566,0.263820
2020-10-27,0.341541,0.292042,0.206795,0.365741,0.327517,0.389710,0.346470,0.191571,0.402299,0.395183,0.500274,0.530925,0.442802,0.275862,0.258894,0.364532,0.455391,0.453202,0.465791,0.448276,0.233716,-0.058019,-0.124795,0.315818,0.397920
2020-11-24,-0.533493,-0.213563,0.271431,0.442832,0.429881,-0.527094,-0.523262,0.057471,0.373837,0.466886,-0.072250,-0.087575,0.355774,0.463602,0.570334,-0.410509,-0.384236,0.185550,0.399562,0.406130,-0.103996,0.061303,0.363437,0.588396,0.334428
2020-12-22,0.205296,0.619469,0.611202,0.586126,-0.065860,0.442255,0.752053,0.461412,0.453749,-0.049808,0.292830,0.621237,0.348659,0.600985,0.180624,0.332239,0.628900,0.591680,0.675972,0.125342,0.361795,0.568144,0.595512,0.486590,-0.096880
2021-01-20,0.433460,0.322760,0.273041,-0.184591,0.040105,0.245758,0.171866,-0.041598,-0.499179,-0.379858,-0.203612,-0.135742,0.055282,0.175698,0.182266,0.524904,0.435687,0.216749,-0.293377,-0.119869,0.253421,0.130816,-0.110564,-0.453749,-0.368911
2021-02-24,-0.343913,-0.517668,-0.508814,-0.248182,-0.031542,-0.082102,0.167488,0.216201,0.130268,0.314176,0.262726,0.588396,0.512315,0.340449,0.189381,-0.241379,-0.546798,-0.541872,-0.377668,-0.025178,-0.317460,-0.625068,-0.705528,-0.418172,-0.128079
2021-03-24,0.341347,0.253320,0.190680,0.182953,0.094098,-0.297756,-0.411056,-0.434592,-0.481117,-0.483853,-0.442802,-0.436234,-0.363437,-0.343733,-0.244663,0.135194,-0.013684,-0.159278,-0.157635,-0.370005,0.490421,0.453749,0.415982,0.533662,0.250137
2021-04-22,0.308904,0.468339,0.074458,0.042350,0.193757,0.362343,0.281883,0.217296,0.486590,0.703886,0.251232,-0.118774,0.362343,0.384784,0.293924,0.193213,0.534756,-0.090312,-0.293924,-0.187192,0.333881,0.288451,0.348659,0.367816,0.522167
2021-05-25,0.089822,-0.103598,-0.011848,0.141069,0.060065,0.131910,-0.096880,-0.108374,-0.012589,-0.109469,-0.245211,-0.168582,-0.147236,-0.164204,-0.240285,-0.100712,-0.235359,-0.088670,-0.082102,-0.111658,-0.008758,-0.305966,-0.156541,0.044882,0.072250
2021-06-23,0.278184,0.301800,0.515725,0.332283,0.331184,-0.072797,0.161467,0.610837,0.639847,0.549535,0.197592,0.185003,0.572523,0.471264,0.363437,0.210181,0.209633,0.643678,0.484401,0.360701,0.282430,0.083196,0.535851,0.374932,0.130816
2021-07-21,0.197667,0.349212,0.205080,0.293481,0.179548,0.482759,0.755884,0.463602,0.335523,0.228790,0.489874,0.571976,0.421456,0.312534,0.285167,0.439518,0.644226,0.384784,0.291735,0.299945,0.256158,0.348112,0.179529,-0.055282,0.153257
2021-08-19,0.509140,0.423963,0.217889,-0.006594,0.100015,0.438971,0.585112,0.263820,-0.071702,-0.135194,-0.011494,0.268199,0.081007,-0.255610,-0.388615,0.520525,0.470717,0.172414,-0.079912,0.081554,0.124795,-0.053640,-0.194308,-0.033935,-0.159825
2021-09-16,-0.539697,-0.732211,-0.536680,-0.487592,,-0.471264,-0.502463,-0.554461,-0.612479,,0.050903,0.041598,-0.037767,0.089765,,-0.633279,-0.821565,-0.523810,-0.437329,,-0.088123,-0.307608,-0.036672,-0.280788,
2021-10-27,-0.456488,-0.447963,-0.299467,,,0.224959,0.282978,0.090312,,,-0.178435,-0.016420,-0.145594,,,-0.403941,-0.304324,-0.381500,,,-0.523262,-0.490969,-0.436782,,
2021-11-24,0.525818,0.133519,,,,0.089765,-0.371648,,,,0.249042,0.153804,,,,0.149425,-0.071155,,,,-0.131363,0.229338,,,
