factor,hold_period,section,mean_ic,icir,n_samples
consistency60,5,overall,0.069257,0.236934,89
consistency60,5,year_2014,0.173543,0.470589,5
consistency60,5,year_2015,0.213906,0.820249,12
consistency60,5,year_2016,0.018324,0.057738,12
consistency60,5,year_2017,0.065615,0.236726,12
consistency60,5,year_2018,-0.022125,-0.106476,13
consistency60,5,year_2019,-0.025814,-0.117992,12
consistency60,5,year_2020,0.081262,0.253639,12
consistency60,5,year_2021,0.122204,0.314096,11
consistency60,10,overall,0.051996,0.180219,89
consistency60,10,year_2014,0.081925,0.202172,5
consistency60,10,year_2015,0.242966,0.917595,12
consistency60,10,year_2016,-0.059625,-0.296936,12
consistency60,10,year_2017,0.012655,0.056609,12
consistency60,10,year_2018,-0.059388,-0.282346,13
consistency60,10,year_2019,-0.006808,-0.028380,12
consistency60,10,year_2020,0.189026,0.658948,12
consistency60,10,year_2021,0.041043,0.096867,11
consistency60,20,overall,0.031118,0.113344,88
consistency60,20,year_2014,-0.048926,-0.128493,5
consistency60,20,year_2015,0.156249,0.482216,12
consistency60,20,year_2016,0.025561,0.126396,12
consistency60,20,year_2017,-0.022426,-0.099391,12
consistency60,20,year_2018,-0.111718,-0.651186,13
consistency60,20,year_2019,0.034586,0.132657,12
consistency60,20,year_2020,0.165634,0.591133,12
consistency60,20,year_2021,0.012006,0.034230,10
consistency60,40,overall,0.024308,0.091172,87
consistency60,40,year_2014,-0.126179,-0.328150,5
consistency60,40,year_2015,0.094172,0.325225,12
consistency60,40,year_2016,0.029770,0.126020,12
consistency60,40,year_2017,-0.014410,-0.053230,12
consistency60,40,year_2018,-0.100268,-0.559016,13
consistency60,40,year_2019,0.063418,0.255088,12
consistency60,40,year_2020,0.159047,0.556673,12
consistency60,40,year_2021,0.007242,0.026787,9
consistency60,60,overall,0.034813,0.156477,86
consistency60,60,year_2014,-0.092894,-0.299597,5
consistency60,60,year_2015,0.123209,0.478814,12
consistency60,60,year_2016,0.051654,0.304967,12
consistency60,60,year_2017,-0.032599,-0.156334,12
consistency60,60,year_2018,-0.098748,-0.584618,13
consistency60,60,year_2019,0.064153,0.288364,12
consistency60,60,year_2020,0.108152,0.420779,12
consistency60,60,year_2021,0.120904,1.080847,8
ret20,5,overall,0.047736,0.132383,89
ret20,5,year_2014,0.128079,0.332130,5
ret20,5,year_2015,0.089217,0.188594,12
ret20,5,year_2016,-0.129219,-0.316410,12
ret20,5,year_2017,-0.021392,-0.054455,12
ret20,5,year_2018,0.129426,0.456136,13
ret20,5,year_2019,0.002554,0.008057,12
ret20,5,year_2020,0.131591,0.405362,12
ret20,5,year_2021,0.095686,0.316228,11
ret20,10,overall,0.062213,0.158322,89
ret20,10,year_2014,0.267980,0.551042,5
ret20,10,year_2015,0.080140,0.167392,12
ret20,10,year_2016,-0.112799,-0.273982,12
ret20,10,year_2017,0.026318,0.065379,12
ret20,10,year_2018,0.075365,0.231578,13
ret20,10,year_2019,-0.046752,-0.164582,12
ret20,10,year_2020,0.235815,0.624331,12
ret20,10,year_2021,0.093148,0.230688,11
ret20,20,overall,0.050300,0.145001,88
ret20,20,year_2014,0.157198,0.348431,5
ret20,20,year_2015,-0.060710,-0.128496,12
ret20,20,year_2016,-0.057927,-0.161177,12
ret20,20,year_2017,0.001733,0.005300,12
ret20,20,year_2018,0.060250,0.174303,13
ret20,20,year_2019,0.036353,0.173443,12
ret20,20,year_2020,0.258393,1.139020,12
ret20,20,year_2021,0.072304,0.196605,10
ret20,40,overall,0.031255,0.093849,87
ret20,40,year_2014,0.078818,0.190754,5
ret20,40,year_2015,-0.112206,-0.285565,12
ret20,40,year_2016,0.048030,0.156658,12
ret20,40,year_2017,0.061987,0.187741,12
ret20,40,year_2018,-0.008379,-0.025235,13
ret20,40,year_2019,-0.020571,-0.084275,12
ret20,40,year_2020,0.232667,1.110695,12
ret20,40,year_2021,-0.009427,-0.020845,9
ret20,60,overall,0.039943,0.131664,86
ret20,60,year_2014,0.034045,0.112471,5
ret20,60,year_2015,-0.045156,-0.106792,12
ret20,60,year_2016,0.023171,0.102566,12
ret20,60,year_2017,0.046980,0.173464,12
ret20,60,year_2018,-0.018189,-0.057359,13
ret20,60,year_2019,0.074485,0.352319,12
ret20,60,year_2020,0.134966,0.485342,12
ret20,60,year_2021,0.086002,0.199719,8
ret5,5,overall,0.084279,0.279650,89
ret5,5,year_2014,0.062288,0.231786,5
ret5,5,year_2015,0.150839,0.487957,12
ret5,5,year_2016,0.003102,0.008691,12
ret5,5,year_2017,0.136882,0.387086,12
ret5,5,year_2018,0.091701,0.287334,13
ret5,5,year_2019,0.064632,0.247502,12
ret5,5,year_2020,0.109332,0.380067,12
ret5,5,year_2021,0.038165,0.135838,11
ret5,10,overall,0.078541,0.245501,89
ret5,10,year_2014,0.239737,0.879657,5
ret5,10,year_2015,0.110883,0.354786,12
ret5,10,year_2016,-0.083744,-0.206988,12
ret5,10,year_2017,0.093596,0.221791,12
ret5,10,year_2018,0.080249,0.320070,13
ret5,10,year_2019,0.005200,0.021730,12
ret5,10,year_2020,0.191981,0.697399,12
ret5,10,year_2021,0.084839,0.271387,11
ret5,20,overall,0.063971,0.212722,88
ret5,20,year_2014,0.166284,0.657920,5
ret5,20,year_2015,0.080232,0.233747,12
ret5,20,year_2016,-0.057882,-0.167582,12
ret5,20,year_2017,-0.006796,-0.018699,12
ret5,20,year_2018,0.032546,0.123313,13
ret5,20,year_2019,0.038223,0.183016,12
ret5,20,year_2020,0.201560,0.779592,12
ret5,20,year_2021,0.131089,0.411504,10
ret5,40,overall,0.044083,0.168617,87
ret5,40,year_2014,0.144061,0.980829,5
ret5,40,year_2015,-0.032202,-0.101280,12
ret5,40,year_2016,-0.005838,-0.023090,12
ret5,40,year_2017,-0.003284,-0.011649,12
ret5,40,year_2018,-0.022525,-0.089101,13
ret5,40,year_2019,0.052773,0.267402,12
ret5,40,year_2020,0.188287,0.768272,12
ret5,40,year_2021,0.112327,0.374541,9
ret5,60,overall,0.035463,0.138342,86
ret5,60,year_2014,0.128517,1.292175,5
ret5,60,year_2015,0.058019,0.192188,12
ret5,60,year_2016,-0.026546,-0.102108,12
ret5,60,year_2017,-0.032749,-0.108534,12
ret5,60,year_2018,-0.046693,-0.193378,13
ret5,60,year_2019,0.145776,0.647923,12
ret5,60,year_2020,0.069969,0.319918,12
ret5,60,year_2021,0.055077,0.186081,8
ret60,5,overall,0.044907,0.137870,89
ret60,5,year_2014,0.311002,1.487283,5
ret60,5,year_2015,0.094782,0.267948,12
ret60,5,year_2016,-0.125844,-0.372216,12
ret60,5,year_2017,0.019841,0.050226,12
ret60,5,year_2018,0.076502,0.302503,13
ret60,5,year_2019,0.013091,0.043375,12
ret60,5,year_2020,0.052591,0.191555,12
ret60,5,year_2021,0.072150,0.190323,11
ret60,10,overall,0.043917,0.131087,89
ret60,10,year_2014,0.302025,1.059567,5
ret60,10,year_2015,0.052956,0.143924,12
ret60,10,year_2016,-0.065499,-0.218000,12
ret60,10,year_2017,0.019111,0.059110,12
ret60,10,year_2018,0.000463,0.001486,13
ret60,10,year_2019,0.032476,0.137656,12
ret60,10,year_2020,0.135149,0.400595,12
ret60,10,year_2021,0.027467,0.057583,11
ret60,20,overall,0.024643,0.074616,88
ret60,20,year_2014,0.202627,0.738081,5
ret60,20,year_2015,-0.106915,-0.250152,12
ret60,20,year_2016,0.009761,0.034816,12
ret60,20,year_2017,0.021118,0.060899,12
ret60,20,year_2018,-0.042946,-0.132540,13
ret60,20,year_2019,0.117132,0.550027,12
ret60,20,year_2020,0.132366,0.410432,12
ret60,20,year_2021,-0.036782,-0.093915,10
ret60,40,overall,0.026656,0.090386,87
ret60,40,year_2014,0.073892,0.460764,5
ret60,40,year_2015,-0.143313,-0.370209,12
ret60,40,year_2016,0.083516,0.326773,12
ret60,40,year_2017,0.071702,0.300992,12
ret60,40,year_2018,-0.038735,-0.131034,13
ret60,40,year_2019,0.113027,0.523056,12
ret60,40,year_2020,0.158320,0.494273,12
ret60,40,year_2021,-0.105090,-0.339912,9
ret60,60,overall,0.021372,0.084056,86
ret60,60,year_2014,0.002189,0.008310,5
ret60,60,year_2015,-0.166712,-0.620082,12
ret60,60,year_2016,0.056194,0.245597,12
ret60,60,year_2017,0.107280,0.499431,12
ret60,60,year_2018,-0.077681,-0.307471,13
ret60,60,year_2019,0.126346,0.681775,12
ret60,60,year_2020,0.119276,0.427068,12
ret60,60,year_2021,-0.008963,-0.036353,8
vol20,5,overall,0.025516,0.084707,89
vol20,5,year_2014,0.060865,0.155232,5
vol20,5,year_2015,-0.087758,-0.377910,12
vol20,5,year_2016,0.022760,0.065409,12
vol20,5,year_2017,-0.016740,-0.041764,12
vol20,5,year_2018,0.006063,0.035494,13
vol20,5,year_2019,0.069650,0.188799,12
vol20,5,year_2020,0.113392,0.494585,12
vol20,5,year_2021,0.061104,0.199747,11
vol20,10,overall,-0.003284,-0.010080,89
vol20,10,year_2014,0.113629,0.278219,5
vol20,10,year_2015,-0.129995,-0.513198,12
vol20,10,year_2016,-0.084063,-0.212263,12
vol20,10,year_2017,-0.113437,-0.388860,12
vol20,10,year_2018,-0.026736,-0.123905,13
vol20,10,year_2019,0.105592,0.308905,12
vol20,10,year_2020,0.199964,0.655491,12
vol20,10,year_2021,-0.022690,-0.062831,11
vol20,20,overall,-0.004086,-0.012193,88
vol20,20,year_2014,0.053311,0.118204,5
vol20,20,year_2015,-0.102354,-0.301916,12
vol20,20,year_2016,-0.091954,-0.265702,12
vol20,20,year_2017,-0.029055,-0.088519,12
vol20,20,year_2018,-0.067323,-0.325859,13
vol20,20,year_2019,0.167944,0.514190,12
vol20,20,year_2020,0.089537,0.252360,12
vol20,20,year_2021,-0.016037,-0.041018,10
vol20,40,overall,0.008091,0.026031,87
vol20,40,year_2014,-0.012917,-0.034280,5
vol20,40,year_2015,-0.126072,-0.458357,12
vol20,40,year_2016,-0.062397,-0.192485,12
vol20,40,year_2017,-0.004972,-0.021621,12
vol20,40,year_2018,-0.066102,-0.248725,13
vol20,40,year_2019,0.195448,0.650546,12
vol20,40,year_2020,0.127030,0.361052,12
vol20,40,year_2021,0.008818,0.024627,9
vol20,60,overall,0.016898,0.056525,86
vol20,60,year_2014,-0.006787,-0.018282,5
vol20,60,year_2015,-0.163246,-0.872886,12
vol20,60,year_2016,-0.037356,-0.133905,12
vol20,60,year_2017,0.022806,0.076462,12
vol20,60,year_2018,-0.059829,-0.191715,13
vol20,60,year_2019,0.237502,0.845228,12
vol20,60,year_2020,0.089719,0.284944,12
vol20,60,year_2021,0.058976,0.214078,8
