date,fold,selected_name,strategy,equal_weight,benchmark
2024-01-18,1,all_factors_top3_riskoff0,1.0000000000,1.0000000000,1.0000000000
2024-01-19,1,all_factors_top3_riskoff0,1.0000000000,0.9935526183,0.9984884250
2024-01-22,1,all_factors_top3_riskoff0,1.0000000000,0.9527570881,0.9829512662
2024-01-23,1,all_factors_top3_riskoff0,1.0000000000,0.9602356556,0.9869302202
2024-01-24,1,all_factors_top3_riskoff0,1.0000000000,0.9772632986,1.0007267775
2024-01-25,1,all_factors_top3_riskoff0,1.0000000000,1.0067765340,1.0208230908
2024-01-26,1,all_factors_top3_riskoff0,1.0000000000,1.0060869093,1.0180442357
2024-01-29,1,all_factors_top3_riskoff0,1.0000000000,0.9878382097,1.0089259267
2024-01-30,1,all_factors_top3_riskoff0,1.0000000000,0.9642097649,0.9909336037
2024-01-31,1,all_factors_top3_riskoff0,1.0000000000,0.9383000826,0.9818672074
2024-02-01,1,all_factors_top3_riskoff0,1.0000000000,0.9299476039,0.9825878775
2024-02-02,1,all_factors_top3_riskoff0,1.0000000000,0.9082191650,0.9709594379
2024-02-05,1,all_factors_top3_riskoff0,1.0000000000,0.8765805348,0.9773080529
2024-02-06,1,all_factors_top3_riskoff0,1.0000000000,0.9096519055,1.0112864267
2024-02-07,1,all_factors_top3_riskoff0,1.0000000000,0.9229717056,1.0210399025
2024-02-08,1,all_factors_top3_riskoff0,1.0000000000,0.9487848089,1.0275442556
2024-02-19,1,all_factors_top3_riskoff0,1.0000000000,0.9652751728,1.0394169901
2024-02-20,1,all_factors_top3_riskoff0,1.0000000000,0.9705293752,1.0415667857
2024-02-21,1,all_factors_top3_riskoff0,1.0000000000,0.9803421635,1.0556198526
2024-02-22,1,all_factors_top3_riskoff0,1.0000000000,0.9932179774,1.0647198395
2024-02-23,1,all_factors_top3_riskoff0,1.0000000000,1.0028124159,1.0656573214
2024-02-26,1,all_factors_top3_riskoff0,1.0000000000,1.0025492705,1.0545480085
2024-02-27,1,all_factors_top3_riskoff0,1.0000000000,1.0210386057,1.0671994332
2024-02-28,1,all_factors_top3_riskoff0,1.0000000000,0.9892615118,1.0536013656
2024-02-29,1,all_factors_top3_riskoff0,1.0000000000,1.0154152800,1.0737007326
2024-03-01,1,all_factors_top3_riskoff0,1.0000000000,1.0213348264,1.0803333405
2024-03-04,1,all_factors_top3_riskoff0,1.0000000000,1.0227229427,1.0812708223
2024-03-05,1,all_factors_top3_riskoff0,1.0000000000,1.0182837951,1.0887951068
2024-03-06,1,all_factors_top3_riskoff0,1.0000000000,1.0205768720,1.0843794756
2024-03-07,1,all_factors_top3_riskoff0,1.0000000000,1.0152070990,1.0778659615
2024-03-08,1,all_factors_top3_riskoff0,1.0000000000,1.0221332195,1.0825045118
2024-03-11,1,all_factors_top3_riskoff0,1.0000000000,1.0355391852,1.0960476131
2024-03-12,1,all_factors_top3_riskoff0,1.0000000000,1.0399947974,1.0985607974
2024-03-13,1,all_factors_top3_riskoff0,1.0000000000,1.0374706245,1.0908868823
2024-03-14,1,all_factors_top3_riskoff0,1.0000000000,1.0347845754,1.0877904438
2024-03-15,1,all_factors_top3_riskoff0,1.0000000000,1.0432191912,1.0901631585
2024-03-18,1,all_factors_top3_riskoff0,1.0000000000,1.0549102812,1.1004052242
2024-03-19,1,all_factors_top3_riskoff0,0.9991000000,1.0503942036,1.0924961753
2024-03-20,1,all_factors_top3_riskoff0,0.9988430014,1.0567734223,1.0948627826
2024-03-21,1,all_factors_top3_riskoff0,0.9959425906,1.0567698853,1.0935527509
2024-03-22,1,all_factors_top3_riskoff0,0.9927294672,1.0456606849,1.0825319950
2024-03-25,1,all_factors_top3_riskoff0,0.9928063113,1.0325907942,1.0766567015
2024-03-26,1,all_factors_top3_riskoff0,0.9850352013,1.0330571250,1.0821502841
2024-03-27,1,all_factors_top3_riskoff0,0.9801261964,1.0107328084,1.0696423827
2024-03-28,1,all_factors_top3_riskoff0,0.9937310868,1.0244385337,1.0751909318
2024-03-29,1,all_factors_top3_riskoff0,1.0085693123,1.0352932649,1.0802356225
2024-04-01,1,all_factors_top3_riskoff0,1.0188227129,1.0538630769,1.0979989190
2024-04-02,1,all_factors_top3_riskoff0,1.0245090717,1.0518619902,1.0934275498
2024-04-03,1,all_factors_top3_riskoff0,1.0427246433,1.0488283148,1.0894944011
2024-04-08,1,all_factors_top3_riskoff0,1.0346518912,1.0338019138,1.0799088780
2024-04-09,1,all_factors_top3_riskoff0,1.0345475829,1.0389690380,1.0790172014
2024-04-10,1,all_factors_top3_riskoff0,1.0382799296,1.0256695393,1.0702286906
2024-04-11,1,all_factors_top3_riskoff0,1.0423884735,1.0285503159,1.0700851673
2024-04-12,1,all_factors_top3_riskoff0,1.0459756203,1.0214224230,1.0614126966
2024-04-15,1,all_factors_top3_riskoff0,1.0568994513,1.0178121175,1.0837778992
2024-04-16,1,all_factors_top3_riskoff0,1.0409327764,0.9849017217,1.0721830502
2024-04-17,1,all_factors_top3_riskoff0,1.0586380439,1.0167085204,1.0887615162
2024-04-18,1,all_factors_top3_riskoff0,1.0674298113,1.0163198327,1.0901051384
2024-04-19,1,all_factors_top3_riskoff0,1.0752028358,1.0121425608,1.0815120636
2024-04-22,1,all_factors_top3_riskoff0,1.0411108319,1.0051472884,1.0782262965
2024-04-23,1,all_factors_top3_riskoff0,1.0157954294,0.9990088804,1.0706897973
2024-04-24,1,all_factors_top3_riskoff0,1.0212339317,1.0090692160,1.0753924751
2024-04-25,1,all_factors_top3_riskoff0,1.0261152290,1.0105270321,1.0780369679
2024-04-26,1,all_factors_top3_riskoff0,1.0345195869,1.0253160091,1.0945238233
2024-04-29,1,all_factors_top3_riskoff0,1.0303393326,1.0440658771,1.1066286381
2024-04-30,1,all_factors_top3_riskoff0,1.0303148984,1.0373493599,1.1006678413
2024-05-06,1,all_factors_top3_riskoff0,1.0376951107,1.0546572909,1.1170020124
2024-05-07,1,all_factors_top3_riskoff0,1.0429384558,1.0570696831,1.1173470790
2024-05-08,1,all_factors_top3_riskoff0,1.0464230572,1.0459938367,1.1085555145
2024-05-09,1,all_factors_top3_riskoff0,1.0544173614,1.0588210877,1.1190418752
2024-05-10,1,all_factors_top3_riskoff0,1.0583810201,1.0570947483,1.1195671093
2024-05-13,1,all_factors_top3_riskoff0,1.0492744403,1.0506877668,1.1190815731
2024-05-14,1,all_factors_top3_riskoff0,1.0459597740,1.0537192972,1.1167485564
2024-05-15,1,all_factors_top3_riskoff0,1.0418922860,1.0467399855,1.1072851808
2024-05-16,1,all_factors_top3_riskoff0,1.0363453387,1.0497447420,1.1116519530
2024-05-17,1,all_factors_top3_riskoff0,1.0461533690,1.0625670888,1.1231368693
2024-05-20,1,all_factors_top3_riskoff0,1.0731595815,1.0677128847,1.1271036085
2024-05-21,1,all_factors_top3_riskoff0,1.0614356416,1.0602754451,1.1225841520
2024-05-22,1,all_factors_top3_riskoff0,1.0539048697,1.0607866751,1.1251156584
2024-05-23,1,all_factors_top3_riskoff0,1.0367682177,1.0417668552,1.1120886302
2024-05-24,1,all_factors_top3_riskoff0,1.0376389403,1.0318599449,1.0997792184
2024-05-27,1,all_factors_top3_riskoff0,1.0480415934,1.0400464576,1.1102319886
2024-05-28,1,all_factors_top3_riskoff0,1.0394400660,1.0296304762,1.1021275036
2024-05-29,1,all_factors_top3_riskoff0,1.0449430998,1.0313859306,1.1034558574
2024-05-30,1,all_factors_top3_riskoff0,1.0298295050,1.0235300105,1.0975897250
2024-05-31,1,all_factors_top3_riskoff0,1.0246149975,1.0235748810,1.0931954696
2024-06-03,1,all_factors_top3_riskoff0,1.0218506828,1.0144502841,1.0958918751
2024-06-04,1,all_factors_top3_riskoff0,1.0253168399,1.0188920348,1.1041124001
2024-06-05,1,all_factors_top3_riskoff0,1.0085703483,1.0054475913,1.0977363019
2024-06-06,1,all_factors_top3_riskoff0,1.0080797507,0.9897310646,1.0969606655
2024-06-07,1,all_factors_top3_riskoff0,1.0088050901,0.9953986290,1.0914212775
2024-06-11,1,all_factors_top3_riskoff0,0.9982395782,0.9915948909,1.0818846134
2024-06-12,1,all_factors_top3_riskoff0,1.0025663225,0.9973733081,1.0822632706
2024-06-13,1,all_factors_top3_riskoff0,0.9852281098,0.9882186641,1.0767696879
2024-06-14,1,all_factors_top3_riskoff0,0.9923435308,0.9913880036,1.0814723657
2024-06-17,1,all_factors_top3_riskoff0,0.9827040051,0.9846757387,1.0798447506
2024-06-18,1,all_factors_top3_riskoff0,0.9843415098,0.9913304022,1.0827121625
2024-06-19,1,all_factors_top3_riskoff0,0.9766559496,0.9839569652,1.0775697538
2024-06-20,1,all_factors_top3_riskoff0,0.9766559496,0.9698397720,1.0697920134
2024-06-21,1,all_factors_top3_riskoff0,0.9766559496,0.9685136366,1.0674528892
2024-06-24,1,all_factors_top3_riskoff0,0.9766559496,0.9483126081,1.0617089042
2024-06-25,1,all_factors_top3_riskoff0,0.9766559496,0.9467628843,1.0559343824
2024-06-26,1,all_factors_top3_riskoff0,0.9766559496,0.9606747021,1.0627624262
2024-06-27,1,all_factors_top3_riskoff0,0.9766559496,0.9459358284,1.0547800887
2024-06-28,1,all_factors_top3_riskoff0,0.9766559496,0.9491742765,1.0570825686
2024-07-01,1,all_factors_top3_riskoff0,0.9766559496,0.9603489318,1.0621272593
2024-07-02,1,all_factors_top3_riskoff0,0.9766559496,0.9575535632,1.0601759534
2024-07-03,1,all_factors_top3_riskoff0,0.9766559496,0.9534960900,1.0576169638
2024-07-04,1,all_factors_top3_riskoff0,0.9766559496,0.9378293799,1.0522424750
2024-07-05,1,all_factors_top3_riskoff0,0.9766559496,0.9416690672,1.0477382868
2024-07-08,1,all_factors_top3_riskoff0,0.9766559496,0.9250644388,1.0387909843
2024-07-09,1,all_factors_top3_riskoff0,0.9766559496,0.9354274106,1.0504102628
2024-07-10,1,all_factors_top3_riskoff0,0.9766559496,0.9283186635,1.0471000663
2024-07-11,1,all_factors_top3_riskoff0,0.9766559496,0.9472337470,1.0590705188
2024-07-12,1,all_factors_top3_riskoff0,0.9766559496,0.9456299997,1.0603622283
2024-07-15,1,all_factors_top3_riskoff0,0.9766559496,0.9402917723,1.0615378978
2024-07-16,1,all_factors_top3_riskoff0,0.9766559496,0.9408653200,1.0682651700
2024-07-17,1,all_factors_top3_riskoff0,0.9766559496,0.9374428410,1.0692728866
2024-07-18,1,all_factors_top3_riskoff0,0.9766559496,0.9413175772,1.0751817707
2024-07-19,1,all_factors_top3_riskoff0,0.9766559496,0.9413033269,1.0807058903
2024-07-22,1,all_factors_top3_riskoff0,0.9766559496,0.9378782648,1.0733465049
2024-07-23,1,all_factors_top3_riskoff0,0.9766559496,0.9175576234,1.0504316386
2024-07-24,1,all_factors_top3_riskoff0,0.9766559496,0.9075281861,1.0438020844
2024-07-25,1,all_factors_top3_riskoff0,0.9766559496,0.9075720159,1.0380306163
2024-07-26,1,all_factors_top3_riskoff0,0.9766559496,0.9181824710,1.0410904105
2024-07-29,1,all_factors_top3_riskoff0,0.9766559496,0.9160617189,1.0354258214
2024-07-30,2,ret60_ret120_ret5_top3_riskoff0,0.9766559496,0.9160617189,1.0354258214
2024-07-31,2,ret60_ret120_ret5_top3_riskoff0,0.9766559496,0.9435655176,1.0577668625
2024-08-01,2,ret60_ret120_ret5_top3_riskoff0,0.9766559496,0.9384168086,1.0507572456
2024-08-02,2,ret60_ret120_ret5_top3_riskoff0,0.9766559496,0.9295448638,1.0400384627
2024-08-05,2,ret60_ret120_ret5_top3_riskoff0,0.9766559496,0.9150457794,1.0274174647
2024-08-06,2,ret60_ret120_ret5_top3_riskoff0,0.9766559496,0.9242433491,1.0273129811
2024-08-07,2,ret60_ret120_ret5_top3_riskoff0,0.9766559496,0.9239293962,1.0268550973
2024-08-08,2,ret60_ret120_ret5_top3_riskoff0,0.9766559496,0.9246150841,1.0273006889
2024-08-09,2,ret60_ret120_ret5_top3_riskoff0,0.9766559496,0.9190114010,1.0238250744
2024-08-12,2,ret60_ret120_ret5_top3_riskoff0,0.9766559496,0.9141072986,1.0220519271
2024-08-13,2,ret60_ret120_ret5_top3_riskoff0,0.9766559496,0.9174933607,1.0246732350
2024-08-14,2,ret60_ret120_ret5_top3_riskoff0,0.9766559496,0.9097909002,1.0169445254
2024-08-15,2,ret60_ret120_ret5_top3_riskoff0,0.9766559496,0.9175473642,1.0269964574
2024-08-16,2,ret60_ret120_ret5_top3_riskoff0,0.9766559496,0.9128558718,1.0281273382
2024-08-19,2,ret60_ret120_ret5_top3_riskoff0,0.9766559496,0.9140299325,1.0316121718
2024-08-20,2,ret60_ret120_ret5_top3_riskoff0,0.9766559496,0.9007690300,1.0241538903
2024-08-21,2,ret60_ret120_ret5_top3_riskoff0,0.9766559496,0.8969872392,1.0207551019
2024-08-22,2,ret60_ret120_ret5_top3_riskoff0,0.9766559496,0.8879493953,1.0181430132
2024-08-23,2,ret60_ret120_ret5_top3_riskoff0,0.9766559496,0.8888032989,1.0224606422
2024-08-26,2,ret60_ret120_ret5_top3_riskoff0,0.9766559496,0.8917772152,1.0215479477
2024-08-27,2,ret60_ret120_ret5_top3_riskoff0,0.9766559496,0.8836355197,1.0157429646
2024-08-28,2,ret60_ret120_ret5_top3_riskoff0,0.9766559496,0.8831798870,1.0099564199
2024-08-29,2,ret60_ret120_ret5_top3_riskoff0,0.9766559496,0.8882492348,1.0072459937
2024-08-30,2,ret60_ret120_ret5_top3_riskoff0,0.9766559496,0.9030368543,1.0206905680
2024-09-02,2,ret60_ret120_ret5_top3_riskoff0,0.9766559496,0.8881305147,1.0033524450
2024-09-03,2,ret60_ret120_ret5_top3_riskoff0,0.9766559496,0.8932097905,1.0059399493
2024-09-04,2,ret60_ret120_ret5_top3_riskoff0,0.9766559496,0.8867501202,0.9994035814
2024-09-05,2,ret60_ret120_ret5_top3_riskoff0,0.9766559496,0.8918710959,1.0011244869
2024-09-06,2,ret60_ret120_ret5_top3_riskoff0,0.9766559496,0.8804346757,0.9930085736
2024-09-09,2,ret60_ret120_ret5_top3_riskoff0,0.9766559496,0.8730970182,0.9812080787
2024-09-10,2,ret60_ret120_ret5_top3_riskoff0,0.9766559496,0.8740463393,0.9820716045
2024-09-11,2,ret60_ret120_ret5_top3_riskoff0,0.9766559496,0.8707171538,0.9791122617
2024-09-12,2,ret60_ret120_ret5_top3_riskoff0,0.9766559496,0.8682647071,0.9749144814
2024-09-13,2,ret60_ret120_ret5_top3_riskoff0,0.9766559496,0.8626056120,0.9708519152
2024-09-18,2,ret60_ret120_ret5_top3_riskoff0,0.9766559496,0.8630535456,0.9744658168
2024-09-19,2,ret60_ret120_ret5_top3_riskoff0,0.9766559496,0.8771938530,0.9821576498
2024-09-20,2,ret60_ret120_ret5_top3_riskoff0,0.9766559496,0.8760529410,0.9836972456
2024-09-23,2,ret60_ret120_ret5_top3_riskoff0,0.9766559496,0.8788210433,0.9872957820
2024-09-24,2,ret60_ret120_ret5_top3_riskoff0,0.9766559496,0.9141104422,1.0300572108
2024-09-25,2,ret60_ret120_ret5_top3_riskoff0,0.9766559496,0.9263770112,1.0453056628
2024-09-26,2,ret60_ret120_ret5_top3_riskoff0,0.9766559496,0.9658262974,1.0894929848
2024-09-27,2,ret60_ret120_ret5_top3_riskoff0,0.9766559496,1.0099471615,1.1381577341
2024-09-30,2,ret60_ret120_ret5_top3_riskoff0,0.9766559496,1.1050474799,1.2347036061
2024-10-08,2,ret60_ret120_ret5_top3_riskoff0,0.9766559496,1.1692532761,1.3079189163
2024-10-09,2,ret60_ret120_ret5_top3_riskoff0,0.9766559496,1.0753883607,1.2156906733
2024-10-10,2,ret60_ret120_ret5_top3_riskoff0,0.9766559496,1.0842723580,1.2285390767
2024-10-11,2,ret60_ret120_ret5_top3_riskoff0,0.9766559496,1.0509287031,1.1945450469
2024-10-14,2,ret60_ret120_ret5_top3_riskoff0,0.9766559496,1.0769023437,1.2173378257
2024-10-15,2,ret60_ret120_ret5_top3_riskoff0,0.9766559496,1.0541088501,1.1849632909
2024-10-16,2,ret60_ret120_ret5_top3_riskoff0,0.9766559496,1.0557353547,1.1774650597
2024-10-17,2,ret60_ret120_ret5_top3_riskoff0,0.9766559496,1.0448732682,1.1641372612
2024-10-18,2,ret60_ret120_ret5_top3_riskoff0,0.9757769592,1.0756658805,1.2062410582
2024-10-21,2,ret60_ret120_ret5_top3_riskoff0,0.9871098212,1.0865873671,1.2093048846
2024-10-22,2,ret60_ret120_ret5_top3_riskoff0,0.9866376108,1.0983652958,1.2162438215
2024-10-23,2,ret60_ret120_ret5_top3_riskoff0,0.9929599584,1.1023483223,1.2209855308
2024-10-24,2,ret60_ret120_ret5_top3_riskoff0,0.9818265581,1.0946314380,1.2073473546
2024-10-25,2,ret60_ret120_ret5_top3_riskoff0,1.0011850324,1.1105331348,1.2158258873
2024-10-28,2,ret60_ret120_ret5_top3_riskoff0,1.0084133341,1.1320110661,1.2182044246
2024-10-29,2,ret60_ret120_ret5_top3_riskoff0,1.0003703165,1.1157879989,1.2060628216
2024-10-30,2,ret60_ret120_ret5_top3_riskoff0,1.0009992219,1.1163134842,1.1952457013
2024-10-31,2,ret60_ret120_ret5_top3_riskoff0,1.0173334200,1.1242578892,1.1957343155
2024-11-01,2,ret60_ret120_ret5_top3_riskoff0,0.9903370456,1.1106434965,1.1954208649
2024-11-04,2,ret60_ret120_ret5_top3_riskoff0,1.0133303725,1.1240628706,1.2122427162
2024-11-05,2,ret60_ret120_ret5_top3_riskoff0,1.0554194794,1.1533553537,1.2429147838
2024-11-06,2,ret60_ret120_ret5_top3_riskoff0,1.0542280571,1.1576529251,1.2366795744
2024-11-07,2,ret60_ret120_ret5_top3_riskoff0,1.0899002441,1.1878696252,1.2739924935
2024-11-08,2,ret60_ret120_ret5_top3_riskoff0,1.0867663125,1.1810404729,1.2611932588
2024-11-11,2,ret60_ret120_ret5_top3_riskoff0,1.1105281770,1.1907199706,1.2695150661
2024-11-12,2,ret60_ret120_ret5_top3_riskoff0,1.0936859974,1.1785559273,1.2555665124
2024-11-13,2,ret60_ret120_ret5_top3_riskoff0,1.0991787351,1.1807915760,1.2632952219
2024-11-14,2,ret60_ret120_ret5_top3_riskoff0,1.0744391894,1.1538661102,1.2413936263
2024-11-15,2,ret60_ret120_ret5_top3_riskoff0,1.0414559880,1.1333400885,1.2196395368
2024-11-18,2,ret60_ret120_ret5_top3_riskoff0,1.0238465717,1.1212850744,1.2139697678
2024-11-19,2,ret60_ret120_ret5_top3_riskoff0,1.0386854861,1.1356886379,1.2221164115
2024-11-20,2,ret60_ret120_ret5_top3_riskoff0,1.0482917899,1.1505121931,1.2248452760
2024-11-21,2,ret60_ret120_ret5_top3_riskoff0,1.0526266361,1.1515462008,1.2259300611
2024-11-22,2,ret60_ret120_ret5_top3_riskoff0,1.0178676690,1.1160910563,1.1879472181
2024-11-25,2,ret60_ret120_ret5_top3_riskoff0,1.0146511660,1.1199251586,1.1825355849
2024-11-26,2,ret60_ret120_ret5_top3_riskoff0,1.0095699264,1.1135842410,1.1801048058
2024-11-27,2,ret60_ret120_ret5_top3_riskoff0,1.0299958739,1.1321917109,1.2006511884
2024-11-28,2,ret60_ret120_ret5_top3_riskoff0,1.0294648567,1.1301210794,1.1900522543
2024-11-29,2,ret60_ret120_ret5_top3_riskoff0,1.0472358963,1.1444693437,1.2035828738
2024-12-02,2,ret60_ret120_ret5_top3_riskoff0,1.0631232834,1.1653381822,1.2131246803
2024-12-03,2,ret60_ret120_ret5_top3_riskoff0,1.0659510711,1.1671726678,1.2144337977
2024-12-04,2,ret60_ret120_ret5_top3_riskoff0,1.0508873629,1.1552746615,1.2078789915
2024-12-05,2,ret60_ret120_ret5_top3_riskoff0,1.0611912847,1.1614604168,1.2051224697
2024-12-06,2,ret60_ret120_ret5_top3_riskoff0,1.0743349098,1.1757250780,1.2209640195
2024-12-09,2,ret60_ret120_ret5_top3_riskoff0,1.0601770285,1.1706906084,1.2189450285
2024-12-10,2,ret60_ret120_ret5_top3_riskoff0,1.0712162273,1.1788117347,1.2278783719
2024-12-11,2,ret60_ret120_ret5_top3_riskoff0,1.0763314295,1.1920639831,1.2257856279
2024-12-12,2,ret60_ret120_ret5_top3_riskoff0,1.0868795494,1.2056558838,1.2379763996
2024-12-13,2,ret60_ret120_ret5_top3_riskoff0,1.0558782272,1.1825129144,1.2086841294
2024-12-16,2,ret60_ret120_ret5_top3_riskoff0,1.0597807859,1.1771493462,1.2021262502
2024-12-17,2,ret60_ret120_ret5_top3_riskoff0,1.0212940885,1.1548650201,1.2052576837
2024-12-18,2,ret60_ret120_ret5_top3_riskoff0,1.0238050891,1.1595583391,1.2113607521
2024-12-19,2,ret60_ret120_ret5_top3_riskoff0,1.0221633273,1.1566994610,1.2124578294
2024-12-20,2,ret60_ret120_ret5_top3_riskoff0,1.0278255278,1.1572729299,1.2070123927
2024-12-23,2,ret60_ret120_ret5_top3_riskoff0,0.9884308697,1.1332778439,1.2088039782
2024-12-24,2,ret60_ret120_ret5_top3_riskoff0,0.9981098960,1.1451594612,1.2242060825
2024-12-25,2,ret60_ret120_ret5_top3_riskoff0,0.9867612482,1.1347232376,1.2248022534
2024-12-26,2,ret60_ret120_ret5_top3_riskoff0,1.0054769310,1.1404080977,1.2253707668
2024-12-27,2,ret60_ret120_ret5_top3_riskoff0,1.0077682797,1.1450924915,1.2233886524
2024-12-30,2,ret60_ret120_ret5_top3_riskoff0,1.0056316068,1.1405343966,1.2289262805
2024-12-31,2,ret60_ret120_ret5_top3_riskoff0,0.9810960659,1.1188523252,1.2092157663
2025-01-02,2,ret60_ret120_ret5_top3_riskoff0,0.9756123805,1.0966164002,1.1740263217
2025-01-03,2,ret60_ret120_ret5_top3_riskoff0,0.9316723317,1.0689545624,1.1601238637
2025-01-06,2,ret60_ret120_ret5_top3_riskoff0,0.9192625395,1.0648187240,1.1582216485
2025-01-07,2,ret60_ret120_ret5_top3_riskoff0,0.9402652795,1.0778095670,1.1665618941
2025-01-08,2,ret60_ret120_ret5_top3_riskoff0,0.9454564747,1.0765336422,1.1644445657
2025-01-09,2,ret60_ret120_ret5_top3_riskoff0,0.9446040463,1.0741416484,1.1615743412
2025-01-10,2,ret60_ret120_ret5_top3_riskoff0,0.9153028722,1.0514715368,1.1470081053
2025-01-13,2,ret60_ret120_ret5_top3_riskoff0,0.9173686418,1.0523176542,1.1439442789
2025-01-14,2,ret60_ret120_ret5_top3_riskoff0,0.9173686418,1.0880404395,1.1740693444
2025-01-15,2,ret60_ret120_ret5_top3_riskoff0,0.9173686418,1.0822264385,1.1665373097
2025-01-16,2,ret60_ret120_ret5_top3_riskoff0,0.9173686418,1.0890822875,1.1678740845
2025-01-17,2,ret60_ret120_ret5_top3_riskoff0,0.9173686418,1.0899322195,1.1715494470
2025-01-20,2,ret60_ret120_ret5_top3_riskoff0,0.9173686418,1.0948871541,1.1768781080
2025-01-21,2,ret60_ret120_ret5_top3_riskoff0,0.9173686418,1.0930330360,1.1777785104
2025-01-22,2,ret60_ret120_ret5_top3_riskoff0,0.9173686418,1.0819034372,1.1668415412
2025-01-23,2,ret60_ret120_ret5_top3_riskoff0,0.9173686418,1.0816568508,1.1689066279
2025-01-24,2,ret60_ret120_ret5_top3_riskoff0,0.9173686418,1.0918954967,1.1778553365
2025-01-27,2,ret60_ret120_ret5_top3_riskoff0,0.9173686418,1.0867925296,1.1730060706
2025-02-05,2,ret60_ret120_ret5_top3_riskoff0,0.9173686418,1.0841853288,1.1662453704
2025-02-06,2,ret60_ret120_ret5_top3_riskoff0,0.9173686418,1.1003385160,1.1809191629
2025-02-07,2,ret60_ret120_ret5_top3_riskoff0,0.9173686418,1.1156232843,1.1962444411
2025-02-10,2,ret60_ret120_ret5_top3_riskoff0,0.9173686418,1.1267992763,1.1988135071
2025-02-11,3,ret60_ret5_top5_riskoff0p5,0.9173686418,1.1267992763,1.1988135071
2025-02-12,3,ret60_ret5_top5_riskoff0p5,0.9219958335,1.1366814722,1.2101498051
2025-02-13,3,ret60_ret5_top5_riskoff0p5,0.9188583825,1.1338113048,1.2056054068
2025-02-14,3,ret60_ret5_top5_riskoff0p5,0.9165196884,1.1359353520,1.2160618450
2025-02-17,3,ret60_ret5_top5_riskoff0p5,0.9208884561,1.1415623990,1.2186520285
2025-02-18,3,ret60_ret5_top5_riskoff0p5,0.9080467872,1.1202615673,1.2079640483
2025-02-19,3,ret60_ret5_top5_riskoff0p5,0.9153539188,1.1331158071,1.2164168761
2025-02-20,3,ret60_ret5_top5_riskoff0p5,0.9169737862,1.1361966058,1.2129406584
2025-02-21,3,ret60_ret5_top5_riskoff0p5,0.9189467794,1.1446472315,1.2282347815
2025-02-24,3,ret60_ret5_top5_riskoff0p5,0.9202661925,1.1479131824,1.2255427194
2025-02-25,3,ret60_ret5_top5_riskoff0p5,0.9189557274,1.1374742046,1.2119373096
2025-02-26,3,ret60_ret5_top5_riskoff0p5,0.9229969720,1.1502949777,1.2225234113
2025-02-27,3,ret60_ret5_top5_riskoff0p5,0.9265263051,1.1530336840,1.2250487631
2025-02-28,3,ret60_ret5_top5_riskoff0p5,0.9143456322,1.1270060376,1.2009467811
2025-03-03,3,ret60_ret5_top5_riskoff0p5,0.9143100157,1.1294390628,1.2004589992
2025-03-04,3,ret60_ret5_top5_riskoff0p5,0.9149067015,1.1340561653,1.1994556504
2025-03-05,3,ret60_ret5_top5_riskoff0p5,0.9188285024,1.1363719062,1.2048119894
2025-03-06,3,ret60_ret5_top5_riskoff0p5,0.9239222839,1.1529935121,1.2213811373
2025-03-07,3,ret60_ret5_top5_riskoff0p5,0.9234921767,1.1497689429,1.2176054585
2025-03-10,3,ret60_ret5_top5_riskoff0p5,0.9243033000,1.1512640948,1.2129097861
2025-03-11,3,ret60_ret5_top5_riskoff0p5,0.9270321850,1.1592985617,1.2168058667
2025-03-12,3,ret60_ret5_top5_riskoff0p5,0.9265436000,1.1588509551,1.2124250915
2025-03-13,3,ret60_ret5_top5_riskoff0p5,0.9210075819,1.1537560270,1.2075935810
2025-03-14,3,ret60_ret5_top5_riskoff0p5,0.9299382650,1.1741006765,1.2369160641
2025-03-17,3,ret60_ret5_top5_riskoff0p5,0.9332103478,1.1777524890,1.2338998432
2025-03-18,3,ret60_ret5_top5_riskoff0p5,0.9337772546,1.1797123442,1.2372741825
2025-03-19,3,ret60_ret5_top5_riskoff0p5,0.9293685035,1.1753934162,1.2380305531
2025-03-20,3,ret60_ret5_top5_riskoff0p5,0.9277201172,1.1705652348,1.2271696881
2025-03-21,3,ret60_ret5_top5_riskoff0p5,0.9154979450,1.1567405910,1.2085567959
2025-03-24,3,ret60_ret5_top5_riskoff0p5,0.9120318427,1.1513193963,1.2147775585
2025-03-25,3,ret60_ret5_top5_riskoff0p5,0.9039500098,1.1493681895,1.2139903156
2025-03-26,3,ret60_ret5_top5_riskoff0p5,0.9062741273,1.1527217719,1.2099954437
2025-03-27,3,ret60_ret5_top5_riskoff0p5,0.9052395397,1.1500196967,1.2140242751
2025-03-28,3,ret60_ret5_top5_riskoff0p5,0.9013804715,1.1396978295,1.2087018956
2025-03-31,3,ret60_ret5_top5_riskoff0p5,0.8995147702,1.1288179022,1.2001008808
2025-04-01,3,ret60_ret5_top5_riskoff0p5,0.8976799495,1.1347828705,1.2002151082
2025-04-02,3,ret60_ret5_top5_riskoff0p5,0.8995565084,1.1358502073,1.1991994105
2025-04-03,3,ret60_ret5_top5_riskoff0p5,0.8910771985,1.1319350958,1.1921327477
2025-04-07,3,ret60_ret5_top5_riskoff0p5,0.8397988968,1.0294846660,1.1081416470
2025-04-08,3,ret60_ret5_top5_riskoff0p5,0.8363279761,1.0447480811,1.1270725236
2025-04-09,3,ret60_ret5_top5_riskoff0p5,0.8473546691,1.0650863951,1.1381958029
2025-04-10,3,ret60_ret5_top5_riskoff0p5,0.8584306711,1.0861146423,1.1531163715
2025-04-11,3,ret60_ret5_top5_riskoff0p5,0.8661036153,1.0876144184,1.1578707012
2025-04-14,3,ret60_ret5_top5_riskoff0p5,0.8709418599,1.1001825754,1.1605318910
2025-04-15,3,ret60_ret5_top5_riskoff0p5,0.8687001827,1.0996329158,1.1611771215
2025-04-16,3,ret60_ret5_top5_riskoff0p5,0.8623821681,1.0939034151,1.1647552177
2025-04-17,3,ret60_ret5_top5_riskoff0p5,0.8638282706,1.0967097895,1.1645699841
2025-04-18,3,ret60_ret5_top5_riskoff0p5,0.8574885687,1.0943853097,1.1646626009
2025-04-21,3,ret60_ret5_top5_riskoff0p5,0.8627218331,1.1062058562,1.1684784136
2025-04-22,3,ret60_ret5_top5_riskoff0p5,0.8620083257,1.1069034011,1.1681913015
2025-04-23,3,ret60_ret5_top5_riskoff0p5,0.8598994706,1.1070744248,1.1690958590
2025-04-24,3,ret60_ret5_top5_riskoff0p5,0.8589486225,1.1034648791,1.1683178778
2025-04-25,3,ret60_ret5_top5_riskoff0p5,0.8599461892,1.1061157726,1.1691298185
2025-04-28,3,ret60_ret5_top5_riskoff0p5,0.8558826009,1.0965320128,1.1674719775
2025-04-29,3,ret60_ret5_top5_riskoff0p5,0.8585569122,1.0988575168,1.1654529310
2025-04-30,3,ret60_ret5_top5_riskoff0p5,0.8609585188,1.1015793404,1.1640605916
2025-05-06,3,ret60_ret5_top5_riskoff0p5,0.8673007243,1.1213639462,1.1757827929
2025-05-07,3,ret60_ret5_top5_riskoff0p5,0.8684159556,1.1281000057,1.1829112003
2025-05-08,3,ret60_ret5_top5_riskoff0p5,0.8690170667,1.1336460297,1.1894777324
2025-05-09,3,ret60_ret5_top5_riskoff0p5,0.8674945284,1.1270328618,1.1873969413
2025-05-12,3,ret60_ret5_top5_riskoff0p5,0.8696470546,1.1381683643,1.2011196658
2025-05-13,3,ret60_ret5_top5_riskoff0p5,0.8697916216,1.1379952044,1.2028639491
2025-05-14,3,ret60_ret5_top5_riskoff0p5,0.8724828926,1.1446323861,1.2173584804
2025-05-15,3,ret60_ret5_top5_riskoff0p5,0.8719144302,1.1353276141,1.2062413756
2025-05-16,3,ret60_ret5_top5_riskoff0p5,0.8691632809,1.1345340070,1.2006504073
2025-05-19,3,ret60_ret5_top5_riskoff0p5,0.8706097780,1.1403386767,1.1969642581
2025-05-20,3,ret60_ret5_top5_riskoff0p5,0.8750393617,1.1492921613,1.2034536095
2025-05-21,3,ret60_ret5_top5_riskoff0p5,0.8738514601,1.1495067604,1.2090754500
2025-05-22,3,ret60_ret5_top5_riskoff0p5,0.8702242969,1.1404869493,1.2083005560
2025-05-23,3,ret60_ret5_top5_riskoff0p5,0.8649884432,1.1286931932,1.1985449184
2025-05-26,3,ret60_ret5_top5_riskoff0p5,0.8663562712,1.1315705604,1.1917036231
2025-05-27,3,ret60_ret5_top5_riskoff0p5,0.8674293866,1.1303296648,1.1853099758
2025-05-28,3,ret60_ret5_top5_riskoff0p5,0.8664568662,1.1293154989,1.1843344120
2025-05-29,3,ret60_ret5_top5_riskoff0p5,0.8678355279,1.1395282050,1.1912683241
2025-05-30,3,ret60_ret5_top5_riskoff0p5,0.8666970556,1.1305908426,1.1855662156
2025-06-03,3,ret60_ret5_top5_riskoff0p5,0.8717079406,1.1366279266,1.1892029692
2025-06-04,3,ret60_ret5_top5_riskoff0p5,0.8747534949,1.1472353408,1.1943679001
2025-06-05,3,ret60_ret5_top5_riskoff0p5,0.8702971560,1.1464731228,1.1970908344
2025-06-06,3,ret60_ret5_top5_riskoff0p5,0.8682871123,1.1456146791,1.1959856071
2025-06-09,3,ret60_ret5_top5_riskoff0p5,0.8714465587,1.1540288025,1.1994649121
2025-06-10,3,ret60_ret5_top5_riskoff0p5,0.8699580146,1.1475378139,1.1933583768
2025-06-11,3,ret60_ret5_top5_riskoff0p5,0.8721795452,1.1550858297,1.2023607311
2025-06-12,3,ret60_ret5_top5_riskoff0p5,0.8705453769,1.1549740150,1.2016105349
2025-06-13,3,ret60_ret5_top5_riskoff0p5,0.8660407293,1.1416170412,1.1929601245
2025-06-16,3,ret60_ret5_top5_riskoff0p5,0.8646953026,1.1465642059,1.1959300370
2025-06-17,3,ret60_ret5_top5_riskoff0p5,0.8639242015,1.1459519641,1.1948742054
2025-06-18,3,ret60_ret5_top5_riskoff0p5,0.8615576946,1.1413252067,1.1962912426
2025-06-19,3,ret60_ret5_top5_riskoff0p5,0.8560432333,1.1261236886,1.1864491626
2025-06-20,3,ret60_ret5_top5_riskoff0p5,0.8556256894,1.1214049826,1.1875451282
2025-06-23,3,ret60_ret5_top5_riskoff0p5,0.8582529029,1.1299370812,1.1910213459
2025-06-24,3,ret60_ret5_top5_riskoff0p5,0.8614907462,1.1452558351,1.2052627246
2025-06-25,3,ret60_ret5_top5_riskoff0p5,0.8638242546,1.1567597694,1.2225635453
2025-06-26,3,ret60_ret5_top5_riskoff0p5,0.8624560455,1.1538621136,1.2182259912
2025-06-27,3,ret60_ret5_top5_riskoff0p5,0.8592857784,1.1551708195,1.2107363782
2025-06-30,3,ret60_ret5_top5_riskoff0p5,0.8614180582,1.1648320380,1.2151572875
2025-07-01,3,ret60_ret5_top5_riskoff0p5,0.8662171333,1.1686645274,1.2172195552
2025-07-02,3,ret60_ret5_top5_riskoff0p5,0.8658720280,1.1678021528,1.2175035801
2025-07-03,3,ret60_ret5_top5_riskoff0p5,0.8682431130,1.1724484519,1.2250333270
2025-07-04,3,ret60_ret5_top5_riskoff0p5,0.8692838982,1.1697539774,1.2293955789
2025-07-07,3,ret60_ret5_top5_riskoff0p5,0.8705409544,1.1725922607,1.2241380311
2025-07-08,3,ret60_ret5_top5_riskoff0p5,0.8715158073,1.1841229692,1.2344123229
2025-07-09,3,ret60_ret5_top5_riskoff0p5,0.8727026304,1.1833724014,1.2322358278
2025-07-10,3,ret60_ret5_top5_riskoff0p5,0.8736174900,1.1884328738,1.2379842447
2025-07-11,3,ret60_ret5_top5_riskoff0p5,0.8732767237,1.1918484889,1.2394630265
2025-07-14,3,ret60_ret5_top5_riskoff0p5,0.8754328531,1.1938221495,1.2403459734
2025-07-15,3,ret60_ret5_top5_riskoff0p5,0.8691876236,1.1871496090,1.2407750980
2025-07-16,3,ret60_ret5_top5_riskoff0p5,0.8688396879,1.1885775683,1.2371136466
2025-07-17,3,ret60_ret5_top5_riskoff0p5,0.8797979441,1.1970923010,1.2455386894
2025-07-18,3,ret60_ret5_top5_riskoff0p5,0.8804084399,1.2016389248,1.2529665578
2025-07-21,3,ret60_ret5_top5_riskoff0p5,0.8816085685,1.2165753388,1.2613205944
2025-07-22,3,ret60_ret5_top5_riskoff0p5,0.8790791308,1.2292303541,1.2716164968
2025-07-23,3,ret60_ret5_top5_riskoff0p5,0.8769488443,1.2246450134,1.2718665622
2025-07-24,3,ret60_ret5_top5_riskoff0p5,0.8817186761,1.2395640882,1.2809028759
2025-07-25,3,ret60_ret5_top5_riskoff0p5,0.8799730735,1.2348200911,1.2741480230
2025-07-28,3,ret60_ret5_top5_riskoff0p5,0.8876048062,1.2344650164,1.2768215617
2025-07-29,3,ret60_ret5_top5_riskoff0p5,0.8950188729,1.2374920175,1.2818228696
2025-07-30,3,ret60_ret5_top5_riskoff0p5,0.8926212837,1.2360064464,1.2815820659
2025-07-31,3,ret60_ret5_top5_riskoff0p5,0.8887512122,1.2164842908,1.2582271928
2025-08-01,3,ret60_ret5_top5_riskoff0p5,0.8844049655,1.2149402119,1.2518489816
2025-08-04,3,ret60_ret5_top5_riskoff0p5,0.8935281680,1.2221633757,1.2567175388
2025-08-05,3,ret60_ret5_top5_riskoff0p5,0.9056251295,1.2323051104,1.2668282076
2025-08-06,3,ret60_ret5_top5_riskoff0p5,0.9136607805,1.2392071415,1.2699277836
2025-08-07,3,ret60_ret5_top5_riskoff0p5,0.9138701601,1.2404287402,1.2702920764
2025-08-08,3,ret60_ret5_top5_riskoff0p5,0.9130606222,1.2412074480,1.2672974661
2025-08-11,3,ret60_ret5_top5_riskoff0p5,0.9195666141,1.2510195733,1.2727124624
2025-08-12,3,ret60_ret5_top5_riskoff0p5,0.9223085577,1.2535656066,1.2792944306
2025-08-13,4,ret60_ret5_top5_riskoff0,0.9223085577,1.2535656066,1.2792944306
2025-08-14,4,ret60_ret5_top5_riskoff0,0.9094376721,1.2398006690,1.2782928234
2025-08-15,4,ret60_ret5_top5_riskoff0,0.9200909849,1.2556085814,1.2871878308
2025-08-18,4,ret60_ret5_top5_riskoff0,0.9449386910,1.2705158193,1.2985393796
2025-08-19,4,ret60_ret5_top5_riskoff0,0.9439620326,1.2728072418,1.2936262970
2025-08-20,4,ret60_ret5_top5_riskoff0,0.9485648395,1.2842345781,1.3083379777
2025-08-21,4,ret60_ret5_top5_riskoff0,0.9491100717,1.2859515883,1.3134440305
2025-08-22,4,ret60_ret5_top5_riskoff0,0.9714217127,1.2992533193,1.3409897613
2025-08-25,4,ret60_ret5_top5_riskoff0,0.9937765408,1.3216684083,1.3689306215
2025-08-26,4,ret60_ret5_top5_riskoff0,0.9921826802,1.3246591166,1.3638368208
2025-08-27,4,ret60_ret5_top5_riskoff0,0.9787742429,1.2969787949,1.3434799958
2025-08-28,4,ret60_ret5_top5_riskoff0,1.0023001436,1.3087441447,1.3672643391
2025-08-29,4,ret60_ret5_top5_riskoff0,1.0023454273,1.3125198537,1.3773661761
2025-09-01,4,ret60_ret5_top5_riskoff0,1.0205051660,1.3223463725,1.3856210126
2025-09-02,4,ret60_ret5_top5_riskoff0,0.9891299306,1.3077029982,1.3754334111
2025-09-03,4,ret60_ret5_top5_riskoff0,0.9750006029,1.2906213992,1.3660544466
2025-09-04,4,ret60_ret5_top5_riskoff0,0.9373065645,1.2743438387,1.3370721599
2025-09-05,4,ret60_ret5_top5_riskoff0,0.9634175300,1.2995296380,1.3662045345
2025-09-08,4,ret60_ret5_top5_riskoff0,0.9667733024,1.3108878437,1.3684252234
2025-09-09,4,ret60_ret5_top5_riskoff0,0.9506158386,1.3048784250,1.3588349106
2025-09-10,4,ret60_ret5_top5_riskoff0,0.9583691343,1.3063563202,1.3616222579
2025-09-11,4,ret60_ret5_top5_riskoff0,0.9989587049,1.3270354360,1.3930702750
2025-09-12,4,ret60_ret5_top5_riskoff0,0.9974794714,1.3231392427,1.3850972363
2025-09-15,4,ret60_ret5_top5_riskoff0,0.9886814781,1.3238707762,1.3884849354
2025-09-16,4,ret60_ret5_top5_riskoff0,1.0020334456,1.3310152607,1.3855076809
2025-09-17,4,ret60_ret5_top5_riskoff0,1.0095824809,1.3362471546,1.3939861177
2025-09-18,4,ret60_ret5_top5_riskoff0,0.9963878759,1.3175143841,1.3777796837
2025-09-19,4,ret60_ret5_top5_riskoff0,0.9954249929,1.3175505836,1.3789466940
2025-09-22,4,ret60_ret5_top5_riskoff0,1.0094211441,1.3147951876,1.3852840805
2025-09-23,4,ret60_ret5_top5_riskoff0,0.9986071873,1.3033180368,1.3844172461
2025-09-24,4,ret60_ret5_top5_riskoff0,1.0124299565,1.3166354338,1.3985959615
2025-09-25,4,ret60_ret5_top5_riskoff0,1.0206209179,1.3146227277,1.4069947598
2025-09-26,4,ret60_ret5_top5_riskoff0,0.9995583424,1.3055528665,1.3936890049
2025-09-29,4,ret60_ret5_top5_riskoff0,1.0190297041,1.3181064689,1.4151301386
2025-09-30,4,ret60_ret5_top5_riskoff0,1.0244193786,1.3227187314,1.4214522100
2025-10-09,4,ret60_ret5_top5_riskoff0,1.0500139443,1.3354231342,1.4425227184
2025-10-10,4,ret60_ret5_top5_riskoff0,1.0198601323,1.3296772566,1.4141438464
2025-10-13,4,ret60_ret5_top5_riskoff0,1.0246363666,1.3245207338,1.4071448478
2025-10-14,4,ret60_ret5_top5_riskoff0,0.9906226772,1.3147581096,1.3903227469
2025-10-15,4,ret60_ret5_top5_riskoff0,1.0050922114,1.3295405034,1.4109154243
2025-10-16,4,ret60_ret5_top5_riskoff0,0.9984453848,1.3211459641,1.4146308665
2025-10-17,4,ret60_ret5_top5_riskoff0,0.9649914395,1.2950826109,1.3827172705
2025-10-20,4,ret60_ret5_top5_riskoff0,0.9750862717,1.3042193497,1.3900654533
2025-10-21,4,ret60_ret5_top5_riskoff0,1.0022469529,1.3220107939,1.4113993813
2025-10-22,4,ret60_ret5_top5_riskoff0,0.9948674359,1.3187728307,1.4067129621
2025-10-23,4,ret60_ret5_top5_riskoff0,0.9939979207,1.3219364219,1.4109307394
2025-10-24,4,ret60_ret5_top5_riskoff0,1.0214362440,1.3268573961,1.4275751852
2025-10-27,4,ret60_ret5_top5_riskoff0,1.0458937791,1.3391165768,1.4445259329
2025-10-28,4,ret60_ret5_top5_riskoff0,1.0435798918,1.3355456564,1.4371593719
2025-10-29,4,ret60_ret5_top5_riskoff0,1.0640074004,1.3450903338,1.4542724596
2025-10-30,4,ret60_ret5_top5_riskoff0,1.0503572720,1.3329354595,1.4426544282
2025-10-31,4,ret60_ret5_top5_riskoff0,1.0294886253,1.3333895458,1.4214460840
2025-11-03,4,ret60_ret5_top5_riskoff0,1.0290533711,1.3411356676,1.4253453073
2025-11-04,4,ret60_ret5_top5_riskoff0,1.0126155308,1.3312106176,1.4147166310
2025-11-05,4,ret60_ret5_top5_riskoff0,1.0212787360,1.3367049167,1.4173385753
2025-11-06,4,ret60_ret5_top5_riskoff0,1.0440703614,1.3457630012,1.4375973837
2025-11-07,4,ret60_ret5_top5_riskoff0,1.0466996816,1.3457929649,1.4331223128
2025-11-10,4,ret60_ret5_top5_riskoff0,1.0450164183,1.3570999476,1.4381027818
2025-11-11,4,ret60_ret5_top5_riskoff0,1.0343419483,1.3549341279,1.4249685559
2025-11-12,4,ret60_ret5_top5_riskoff0,1.0318935460,1.3519183624,1.4230511060
2025-11-13,4,ret60_ret5_top5_riskoff0,1.0528096828,1.3672266271,1.4402530212
2025-11-14,4,ret60_ret5_top5_riskoff0,1.0292261525,1.3567751057,1.4176081210
2025-11-17,4,ret60_ret5_top5_riskoff0,1.0324273014,1.3569556056,1.4083914966
2025-11-18,4,ret60_ret5_top5_riskoff0,1.0226807959,1.3425709693,1.3992453215
2025-11-19,4,ret60_ret5_top5_riskoff0,1.0235555100,1.3368605753,1.4054019899
2025-11-20,4,ret60_ret5_top5_riskoff0,1.0163608122,1.3292325840,1.3982529033
2025-11-21,4,ret60_ret5_top5_riskoff0,0.9705505944,1.2899903629,1.3641492487
2025-11-24,4,ret60_ret5_top5_riskoff0,0.9774992025,1.2982097258,1.3624462101
2025-11-25,4,ret60_ret5_top5_riskoff0,0.9986051932,1.3122158742,1.3754180960
2025-11-26,4,ret60_ret5_top5_riskoff0,1.0094809032,1.3126749734,1.3837586970
2025-11-27,4,ret60_ret5_top5_riskoff0,1.0086397852,1.3114810453,1.3830756437
2025-11-28,4,ret60_ret5_top5_riskoff0,1.0187315642,1.3212993806,1.3865246032
2025-12-01,4,ret60_ret5_top5_riskoff0,1.0359542128,1.3320421169,1.4017876274
2025-12-02,4,ret60_ret5_top5_riskoff0,1.0269236593,1.3268366709,1.3949999771
2025-12-03,4,ret60_ret5_top5_riskoff0,1.0172477008,1.3179495208,1.3878692686
2025-12-04,4,ret60_ret5_top5_riskoff0,1.0207625223,1.3119214891,1.3926230742
2025-12-05,4,ret60_ret5_top5_riskoff0,1.0360935455,1.3256399167,1.4042533578
2025-12-08,4,ret60_ret5_top5_riskoff0,1.0587466425,1.3344337176,1.4156508518
2025-12-09,4,ret60_ret5_top5_riskoff0,1.0557510110,1.3256097390,1.4084435679
2025-12-10,4,ret60_ret5_top5_riskoff0,1.0556613896,1.3313955509,1.4064862987
2025-12-11,4,ret60_ret5_top5_riskoff0,1.0423107845,1.3134751537,1.3943414280
2025-12-12,4,ret60_ret5_top5_riskoff0,1.0527959701,1.3180900719,1.4031537339
2025-12-15,4,ret60_ret5_top5_riskoff0,1.0475033992,1.3155418031,1.3943046717
2025-12-16,4,ret60_ret5_top5_riskoff0,1.0235497917,1.2993361103,1.3776081546
2025-12-17,4,ret60_ret5_top5_riskoff0,1.0467705167,1.3130991926,1.4028259909
2025-12-18,4,ret60_ret5_top5_riskoff0,1.0422097688,1.3123125500,1.3945282721
2025-12-19,4,ret60_ret5_top5_riskoff0,1.0527344866,1.3275546502,1.3992422585
2025-12-22,4,ret60_ret5_top5_riskoff0,1.0716129842,1.3370699950,1.4125480135
2025-12-23,4,ret60_ret5_top5_riskoff0,1.0723661715,1.3324122018,1.4153384239
2025-12-24,4,ret60_ret5_top5_riskoff0,1.0783971842,1.3424064732,1.4194214283
2025-12-25,4,ret60_ret5_top5_riskoff0,1.0782747409,1.3500339203,1.4220188685
2025-12-26,4,ret60_ret5_top5_riskoff0,1.0914624760,1.3542895212,1.4265215066
2025-12-29,4,ret60_ret5_top5_riskoff0,1.0833093891,1.3504717877,1.4210478915
2025-12-30,4,ret60_ret5_top5_riskoff0,1.0850567601,1.3502527932,1.4246959472
2025-12-31,4,ret60_ret5_top5_riskoff0,1.0815345455,1.3513335612,1.4181594645
2026-01-05,4,ret60_ret5_top5_riskoff0,1.0958772261,1.3703163032,1.4450558352
2026-01-06,4,ret60_ret5_top5_riskoff0,1.1153849625,1.3902706626,1.4673974965
2026-01-07,4,ret60_ret5_top5_riskoff0,1.1270226069,1.3923475753,1.4631031437
2026-01-08,4,ret60_ret5_top5_riskoff0,1.1226170277,1.3977653196,1.4511512432
2026-01-09,4,ret60_ret5_top5_riskoff0,1.1341827468,1.4153718136,1.4576662848
2026-01-12,4,ret60_ret5_top5_riskoff0,1.1547221294,1.4378713742,1.4671616440
2026-01-13,4,ret60_ret5_top5_riskoff0,1.1401245364,1.4245413925,1.4583125818
2026-01-14,4,ret60_ret5_top5_riskoff0,1.1457221387,1.4282112991,1.4524622153
2026-01-15,4,ret60_ret5_top5_riskoff0,1.1473516459,1.4207933340,1.4553720835
2026-01-16,4,ret60_ret5_top5_riskoff0,1.1350082584,1.4105419376,1.4493808181
2026-01-19,4,ret60_ret5_top5_riskoff0,1.1481998338,1.4215977016,1.4501741401
2026-01-20,4,ret60_ret5_top5_riskoff0,1.1414547491,1.4209365439,1.4454019563
2026-01-21,4,ret60_ret5_top5_riskoff0,1.1534897591,1.4241886387,1.4466853613
2026-01-22,4,ret60_ret5_top5_riskoff0,1.1764529556,1.4355299754,1.4468813945
2026-01-23,4,ret60_ret5_top5_riskoff0,1.1878057512,1.4471613050,1.4403847310
2026-01-26,4,ret60_ret5_top5_riskoff0,1.1952485775,1.4392327249,1.4417508376
2026-01-27,4,ret60_ret5_top5_riskoff0,1.2003322089,1.4343448426,1.4413618341
2026-01-28,4,ret60_ret5_top5_riskoff0,1.2245388678,1.4362491889,1.4451293476
2026-01-29,4,ret60_ret5_top5_riskoff0,1.2250560074,1.4416864979,1.4561194601
2026-01-30,4,ret60_ret5_top5_riskoff0,1.2084819804,1.4296963694,1.4415609304
2026-02-02,4,ret60_ret5_top5_riskoff0,1.1518249810,1.3913433536,1.4108204707
2026-02-03,4,ret60_ret5_top5_riskoff0,1.1829974985,1.4200891151,1.4274005931
2026-02-04,4,ret60_ret5_top5_riskoff0,1.1833796039,1.4347703385,1.4392146577
2026-02-05,4,ret60_ret5_top5_riskoff0,1.1568007427,1.4254353480,1.4305585658
2026-02-06,4,ret60_ret5_top5_riskoff0,1.1609033723,1.4213382528,1.4223435486
2026-02-09,4,ret60_ret5_top5_riskoff0,1.1901875554,1.4449840024,1.4454570907
2026-02-10,4,ret60_ret5_top5_riskoff0,1.1998252065,1.4464217003,1.4470621127
2026-02-11,4,ret60_ret5_top5_riskoff0,1.1986375386,1.4474450108,1.4438520687
2026-02-12,4,ret60_ret5_top5_riskoff0,1.2048518181,1.4490658124,1.4456163677
2026-02-13,4,ret60_ret5_top5_riskoff0,1.1832594339,1.4336087698,1.4274924837
2026-02-24,4,ret60_ret5_top5_riskoff0,1.2067924397,1.4498270513,1.4419284927
